ID,Biometric Number,Remarks
EMP-20260719-982FDE00,1015,INVALID
EMP-20260723-100293F4,15105395,OK
EMP-20260719-E21FD5F1,1020,INVALID
EMP-20260719-B471042D,15105118,OK
EMP-20260719-3C82231B,15104963,OK
EMP-20260719-85F5405C,15101011,OK
EMP-20260719-18E4E1F3,1021,INVALID
EMP-20260719-ADCFF7F0,15104867,OK
EMP-20260719-522E9BF9,15104476,OK
EMP-20260719-28E80F77,15103730,OK
EMP-20260719-B05CAFAD,1016,INVALID
EMP-20260719-C4BD6B50,15105054,OK
EMP-20260719-3B6994A8,15104844,OK
EMP-20260719-A0920F01,15104011,OK
EMP-20260719-79445C14,15102684,OK
EMP-20260719-EA414C0A,15104323,OK
EMP-20260719-54F51493,1025,INVALID
EMP-20260719-FB922929,15101009,OK
EMP-20260719-ACA777F7,15104107,OK
EMP-20260708-FA6F1D52,15103063,OK
EMP-20260710-C9A2C09D,15101664,OK
EMP-20260708-EBDC791E,15101433,OK
EMP-20260708-ECBFF3A0,15101627,OK
EMP-20260709-188AE5B0,15104399,OK
EMP-20260708-45CD1607,15100306,OK
EMP-20260709-52724F06,15101663,OK
EMP-20260709-28587B69,15100311,OK
EMP-20260709-0DD29CCB,15100304,OK
EMP-20260709-F3643587,15100312,OK
EMP-20260723-66CC1E3E,15105400,OK
EMP-20260725-210E67B5,15102206,OK
EMP-20260801-D861582C,15103638,OK
EMP-20260709-9A782D9E,15101891,OK
EMP-20260709-30E189DD,15101438,OK
EMP-20260709-E4D6D294,15101478,OK
EMP-20260709-02BC81A3,15103472,OK
EMP-20260709-4EB12EB9,15100309,OK
EMP-20260709-455DB4C7,15105331,OK
EMP-20260709-64463A93,15101427,OK
EMP-20260709-FC3B6158,15102535,OK
EMP-20260709-54560A99,15102054,OK
EMP-20260710-B983BABD,15104883,OK
EMP-20260710-B240463E,15105022,OK
EMP-20260710-0F80C1FD,15101915,OK
EMP-20260710-B63530EE,15104314,OK
EMP-20260710-CCFCD4D7,15102012,OK
EMP-20260710-F0F09E5C,15102880,OK
EMP-20260710-E0A0B1C3,15101451,OK
EMP-20260710-B54F3B13,15104808,OK
EMP-20260710-D41738F8,15100310,OK
EMP-20260710-1C51626A,15103997,OK
EMP-20260710-4BB27A9C,15104113,OK
EMP-20260709-C9B29AF3,15101894,OK
EMP-20260710-93FDCEB0,15102218,OK
EMP-20260721-FF0EAB74,15104459,OK
EMP-20260709-5C81CFC3,15100480,OK
EMP-20260709-14914EA3,15103729,OK
EMP-20260709-720D5A05,15100479,OK
EMP-20260709-37E0DDA7,15101870,OK
EMP-20260709-B5EDCF36,15101599,OK
EMP-20260710-ED1A2272,15100482,OK
EMP-20260723-C2C456A2,15100483,OK
EMP-20260710-35725519,15100505,OK
EMP-20260709-2E84D688,15105216,OK
EMP-20260709-C383BFAC,15105237,OK
EMP-20260709-58766B5B,15103166,OK
EMP-20260709-E1A58A2C,15104357,OK
EMP-20260725-2DBB54E3,15103787,OK
EMP-20260725-B8F0179F,15103881,OK
EMP-20260725-2C1B8043,15102869,OK
EMP-20260725-1FECE311,15102109,OK
EMP-20260725-6202F836,15102382,OK
EMP-20260725-103B1818,15103302,OK
EMP-20260709-A571C708,15100485,OK
EMP-20260709-C3A27526,15100486,OK
EMP-20260709-F7828EFE,15101489,OK
EMP-20260709-ED61ED1D,15100488,OK
EMP-20260709-A741417B,15100489,OK
EMP-20260709-DC54C84F,15103689,OK
EMP-20260709-BDCC765E,15101369,OK
EMP-20260709-E8334C46,15101812,OK
EMP-20260709-9DB0FA22,15101955,OK
EMP-20260710-B754FE0D,15102484,OK
EMP-20260709-0B891951,15100499,OK
EMP-20260709-95842960,15104627,OK
EMP-20260709-B9DA3CC4,15100498,OK
EMP-20260709-B8FCA072,15101374,OK
EMP-20260710-CABD0DD4,15105069,OK
EMP-20260710-02F679DE,15101604,OK
EMP-20260710-E6B319DD,15101715,OK
EMP-20260710-2126938A,15100501,OK
EMP-20260710-76C8483B,15101668,OK
EMP-20260710-200D458E,15100491,OK
EMP-20260710-CEE182BB,15100502,OK
EMP-20260710-7203A273,15100503,OK
EMP-20260721-90089050,15102987,OK
EMP-20260719-1C1F6A60,15101905,OK
EMP-20260719-6B556BD8,10004,INVALID
EMP-20260719-B5683CED,15101849,OK
EMP-20260719-F0936C48,15102502,OK
EMP-20260719-F07023E0,15102692,OK
EMP-20260719-35780DAD,15101420,OK
EMP-20260719-4DCAC3A5,15105146,OK
EMP-20260719-FD012316,15105077,OK
EMP-20260719-CC6986C8,15104289,OK
EMP-20260721-E8D44164,15105406,OK
EMP-20260719-F719B1C1,15103357,OK
EMP-20260708-2A887ED7,15100494,OK
EMP-20260719-E3E139AB,15101588,OK
EMP-20260719-A78E2C78,10016,INVALID
EMP-20260719-882C9653,15101718,OK
EMP-20260721-F33F7286,15105372,OK
EMP-20260719-EE403694,15102362,OK
EMP-20260719-93F89AEB,15103438,OK
EMP-20260719-FC9BE78E,15104163,OK
EMP-20260719-6E87986F,15102414,OK
EMP-20260719-A9ECDE8A,15105214,OK
EMP-20260719-8A2E25EC,15102443,OK
EMP-20260719-F5BB699C,15103088,OK
EMP-20260719-BDEDEB46,15103027,OK
EMP-20260719-AA6BE8F9,15103685,OK
EMP-20260719-338E9A3E,15105003,OK
EMP-20260719-E794A829,15100220,OK
EMP-20260719-0162B7A0,15102736,OK
EMP-20260719-B67B9110,15104772,OK
EMP-20260719-4AE7D067,15104161,OK
EMP-20260719-FC170959,14648,INVALID
EMP-20260719-3DAD22D6,15103700,OK
EMP-20260719-97A9B226,15105021,OK
EMP-20260719-5EB2AF4E,15103973,OK
EMP-20260719-31C9FAD4,15103885,OK
EMP-20260719-A18EC965,15103817,OK
EMP-20260719-948C5D5D,15104293,OK
EMP-20260719-E4AF6D69,15103815,OK
EMP-20260719-CE57A2D4,15103820,OK
EMP-20260719-14F75063,15104658,OK
EMP-20260719-C4104CA7,15103768,OK
EMP-20260719-C7275B45,15103820,OK
EMP-20260719-2ABD9CCC,15100563,OK
EMP-20260719-3C9E0D38,15105155,OK
EMP-20260719-8E101BA2,15103798,OK
EMP-20260719-5884F6BC,15104210,OK
EMP-20260624-6CFACB80,11497,INVALID
EMP-20260624-F99B8724,15100510,OK
EMP-20260721-C6C863B4,15105330,OK
EMP-20260624-3626A0BF,15101605,OK
EMP-20260624-5A149D6E,15103374,OK
EMP-20260624-41EA8431,15104666,OK
EMP-20260624-0BFB6078,15101173,OK
EMP-20260624-BC3A53D6,15101012,OK
EMP-20260624-0DCC9E9A,15103080,OK
EMP-20260624-843D90A4,15103016,OK
EMP-20260624-2F4B64B2,15104744,OK
EMP-20260624-1EF6591A,15104648,OK
EMP-20260624-2B215A6E,15105250,OK
EMP-20260624-AC872BF0,15103876,OK
EMP-20260624-F086AE7E,15102610,OK
EMP-20260624-435197C6,15104899,OK
EMP-20260624-33EA509C,15104580,OK
EMP-20260624-6AEFF189,52423,INVALID
EMP-20260624-E0216F81,15103033,OK
EMP-20260624-B9F47938,15104709,OK
EMP-20260624-B4684E38,15101018,OK
EMP-20260624-24958303,2012024,INVALID
EMP-20260624-9E59244C,15101055,OK
EMP-20260624-E8777E92,15103519,OK
EMP-20260624-3FEC14CB,15105163,OK
EMP-20260624-AE46951F,15101022,OK
EMP-20260624-A5910B2F,15105028,OK
EMP-20260624-6A3EF908,15101143,OK
EMP-20260624-657AFA1D,67923,INVALID
EMP-20260624-006ABE5E,15101025,OK
EMP-20260624-3D40ACAC,11522,INVALID
EMP-20260624-18E31DB3,15103632,OK
EMP-20260624-7B9234B6,15101027,OK
EMP-20260624-58BFD576,50423,INVALID
EMP-20260624-282AD0BF,121222,INVALID
EMP-20260624-6F499009,15103219,OK
EMP-20260723-2A584F90,15105423,OK
EMP-20260624-5E91D8A5,8017,INVALID
EMP-20260624-BA7944F1,15103147,OK
EMP-20260624-E376D9AA,15104927,OK
EMP-20260624-C22F6076,15104651,OK
EMP-20260624-B30A7CCB,15105244,OK
EMP-20260624-1307805E,15103792,OK
EMP-20260725-C2472971,15105389,OK
EMP-20260624-C5003CBC,15102948,OK
EMP-20260624-B63BF852,15100929,OK
EMP-20260624-A0CFD09A,15105136,OK
EMP-20260624-2DB8B3B7,8079,INVALID
EMP-20260624-E2ED2250,15102953,OK
EMP-20260725-43B80BD0,15105388,OK
EMP-20260624-64A52CA0,15105277,OK
EMP-20260624-6D35F218,15104044,OK
EMP-20260624-383301BA,15103017,OK
EMP-20260725-0A757731,15105386,OK
EMP-20260624-9B8A19C1,15103335,OK
EMP-20260719-F851B3EE,15104356,OK
EMP-20260719-102DE4EE,15103591,OK
EMP-20260719-4F801E06,15103456,OK
EMP-20260719-4CEEA121,15102685,OK
EMP-20260719-137F257E,15103803,OK
EMP-20260719-F8BE830A,15105089,OK
EMP-20260719-27C84277,15105081,OK
EMP-20260719-47A2E17A,15103457,OK
EMP-20260719-8C5A8194,15103459,OK
EMP-20260719-81B70179,15101983,OK
EMP-20260719-736A1A2E,15105152,OK
EMP-20260719-57D6F8CA,15103460,OK
EMP-20260719-E2489FA7,15103464,OK
EMP-20260719-01087B5B,15103767,OK
EMP-20260719-98291E8F,15101417,OK
EMP-20260719-E4DF0ACA,15103452,OK
EMP-20260719-0343E2CC,15104017,OK
EMP-20260719-EF3A3257,15103454,OK
EMP-20260719-97FC6359,15103942,OK
EMP-20260719-4FA7D140,15102823,OK
EMP-20260719-E2DE754A,15103753,OK
EMP-20260719-16D4557D,15102986,OK
EMP-20260719-1C867976,15103046,OK
EMP-20260719-7FF55DB1,15102920,OK
EMP-20260719-3E1A842B,15104619,OK
EMP-20260719-3E921FC6,15104143,OK
EMP-20260719-53D81DAC,15103254,OK
EMP-20260719-227717C6,15104066,OK
EMP-20260719-29F212E3,15101567,OK
EMP-20260719-E529EA7B,15104706,OK
EMP-20260719-43FEA047,15102955,OK
EMP-20260719-4AC7F063,15104634,OK
EMP-20260719-14FD196F,15103026,OK
EMP-20260719-BC348FAF,15103913,OK
EMP-20260721-3EBF7672,15105419,OK
EMP-20260719-09C760C5,15103068,OK
EMP-20260707-792E8FB5,15101706,OK
EMP-20260707-BAD1351B,15104408,OK
EMP-20260708-D789357E,15105188,OK
EMP-20260729-4E27A3C9,15104545,OK
EMP-20260729-78A9DD60,15103077,OK
EMP-20260624-02EBC9C5,15105071,OK
EMP-20260708-087B3E43,15104014,OK
EMP-20260707-5547EC76,15101510,OK
EMP-20260707-AEA186E6,15101507,OK
EMP-20260707-0CD791FF,15100443,OK
EMP-20260707-23F8205A,15104876,OK
EMP-20260707-5FF0A9B2,15101506,OK
EMP-20260707-A4F201E7,15101967,OK
EMP-20260707-FC004BC5,15102638,OK
EMP-20260624-93D8CE65,15104592,OK
EMP-20260624-668E6F03,15101857,OK
EMP-20260624-1159B0E1,15101695,OK
EMP-20260624-77626888,15100430,OK
EMP-20260624-63C59099,15100431,OK
EMP-20260624-084ECDA6,15100159,OK
EMP-20260624-9E1588F8,15104396,OK
EMP-20260624-95233A95,15101687,OK
EMP-20260624-53D55D67,15104320,OK
EMP-20260624-F443F7DF,15103653,OK
EMP-20260624-B674FA3D,15101472,OK
EMP-20260624-D7FF9C6C,15102844,OK
EMP-20260624-CB66CB57,15103811,OK
EMP-20260624-799A9E92,15100289,OK
EMP-20260624-7006E1B7,15100437,OK
EMP-20260624-A42BAAF3,15101379,OK
EMP-20260624-55C9FDD2,15103950,OK
EMP-20260719-720C0982,15100440,OK
EMP-20260719-2EE8894A,15104012,OK
EMP-20260719-0D3079CB,22625,INVALID
EMP-20260719-D5455456,15103467,OK
EMP-20260719-DA0B5080,15103303,OK
EMP-20260719-3AED5BD1,15100444,OK
EMP-20260719-7F24F377,15103808,OK
EMP-20260719-944651AE,17636,INVALID
EMP-20260719-1B1BA536,15101728,OK
EMP-20260719-7B593EC9,15100450,OK
EMP-20260624-3FE2B71E,79430,INVALID
EMP-20260624-8D852AB1,15103009,OK
EMP-20260624-B90BC4B7,15103954,OK
EMP-20260624-72D12E93,15103671,OK
EMP-20260731-672689D1,15105439,OK
EMP-20260624-91ED59D2,15102504,OK
EMP-20260624-A9DB4D1C,15101959,OK
EMP-20260721-C791BE0D,15105387,OK
EMP-20260624-A41F404C,79417,INVALID
EMP-20260624-CB9003ED,15102529,OK
EMP-20260624-B9CAFA71,15102512,OK
EMP-20260624-41A3D40D,15105161,OK
EMP-20260624-D58C2F0F,15102047,OK
EMP-20260624-E2AC1A52,15100827,OK
EMP-20260624-617EE599,79421,INVALID
EMP-20260624-12A4C4DD,15104225,OK
EMP-20260624-A470869C,15100824,OK
EMP-20260624-C1DA9814,15105110,OK
EMP-20260624-EFA59733,15104257,OK
EMP-20260624-153C9C8F,15104367,OK
EMP-20260721-A95952BF,15105293,OK
EMP-20260710-94CC3844,15126,INVALID
EMP-20260710-4DBE9703,15105078,OK
EMP-20260710-DE34166D,15104461,OK
EMP-20260710-9374DE1A,15104368,OK
EMP-20260710-69A20B3E,15100515,OK
EMP-20260725-0FB6CCDE,15102290,OK
EMP-20260710-6606A7EF,15104868,OK
EMP-20260710-27247160,15104713,OK
EMP-20260710-71B51486,15104846,OK
EMP-20260710-F31472FB,15104865,OK
EMP-20260710-0C7A95B4,15100519,OK
EMP-20260710-24C88EA4,15104021,OK
EMP-20260710-47594735,15102483,OK
EMP-20260710-45E9E1D8,15103252,OK
EMP-20260704-50540E6F,15104433,OK
EMP-20260706-9AE2D3DE,15105020,OK
EMP-20260804-866E142B,15104018,OK
EMP-20260708-B7E189F8,15104249,OK
EMP-20260704-C5F2361A,15104205,OK
EMP-20260704-FAB940A3,15104105,OK
EMP-20260706-E5D0CB16,15105138,OK
EMP-20260706-235482D6,15105350,OK
EMP-20260624-53995C47,54290,INVALID
EMP-20260624-689B01B9,15103540,OK
EMP-20260624-9823973D,15102707,OK
EMP-20260624-5F7BC005,15103977,OK
EMP-20260624-5E2E7FFE,15104997,OK
EMP-20260624-0F0CEB68,15104578,OK
EMP-20260728-3175A03A,15105436,OK
EMP-20260624-256A2F4C,15102766,OK
EMP-20260624-E5B45B82,15104192,OK
EMP-20260624-C2DAB88D,15102706,OK
EMP-20260624-B2AF0539,15102708,OK
EMP-20260624-EDC430CA,15104515,OK
EMP-20260624-E764F8C4,15103967,OK
EMP-20260624-0E867DF1,15281,INVALID
EMP-20260711-06A20DAB,15105344,OK
EMP-20260624-684E7B3D,15277,INVALID
EMP-20260624-48558568,15100584,OK
EMP-20260624-D4B3D0F9,15103523,OK
EMP-20260624-3C669BC1,15103593,OK
EMP-20260624-3CD0BC14,15104641,OK
EMP-20260624-772E49FF,15102043,OK
EMP-20260624-9A0F25B9,15104853,OK
EMP-20260624-10BB6418,15276,INVALID
EMP-20260624-338EBA5F,15100588,OK
EMP-20260624-26D4CAF7,15104859,OK
EMP-20260624-6B98B3AA,15103842,OK
EMP-20260624-66DA46C1,15103490,OK
EMP-20260624-D762F309,15100592,OK
EMP-20260624-CEEBE0ED,15100590,OK
EMP-20260624-87D94266,15104779,OK
EMP-20260624-3EF26BAC,15104218,OK
EMP-20260624-08EDC176,15105057,OK
EMP-20260624-A7E09B44,15102913,OK
EMP-20260624-123E60F5,15103846,OK
EMP-20260624-4DF5DF60,15101571,OK
EMP-20260624-B6E55EC9,15104460,OK
EMP-20260624-685D94FF,15101598,OK
EMP-20260624-50AD991F,15101528,OK
EMP-20260624-01424687,15101522,OK
EMP-20260624-0D806BCD,15102367,OK
EMP-20260624-E1842B42,15101520,OK
EMP-20260624-9421B0E7,15103042,OK
EMP-20260624-A9700247,15101527,OK
EMP-20260624-6D1E23B2,15101620,OK
EMP-20260624-8C8C14AB,15101568,OK
EMP-20260624-0A1E12B2,15103318,OK
EMP-20260624-3EE2E79B,15103380,OK
EMP-20260624-07255755,15100950,OK
EMP-20260624-F161CA18,6813,INVALID
EMP-20260624-363BB38A,6809,INVALID
EMP-20260624-9340526E,15102550,OK
EMP-20260624-25520BFC,15101979,OK
EMP-20260624-AFFD8759,15100947,OK
EMP-20260624-4DB71774,15101729,OK
EMP-20260624-3D959FBE,15104485,OK
EMP-20260624-DAB7B033,15104371,OK
EMP-20260624-4657EF44,15100949,OK
EMP-20260624-BF9CB09D,15105181,OK
EMP-20260624-F708E383,15104082,OK
EMP-20260704-6F3E7BBC,15101208,OK
EMP-20260704-57041CB2,15101207,OK
EMP-20260704-17B306F4,15101222,OK
EMP-20260704-BF156DED,94064,INVALID
EMP-20260704-1D8398FE,15101209,OK
EMP-20260704-B3208142,15104831,OK
EMP-20260704-FF5C57A7,15104324,OK
EMP-20260725-9525C0F6,15102385,OK
EMP-20260725-5E557E74,15104474,OK
EMP-20260725-85E87EA8,15104473,OK
EMP-20260704-26FBDD24,15102463,OK
EMP-20260704-013572E4,15101213,OK
EMP-20260704-AA04B19E,15104265,OK
EMP-20260704-5373BEFC,94069,INVALID
EMP-20260704-605FEAE9,15101214,OK
EMP-20260704-1E8DCCAD,15103479,OK
EMP-20260704-517E8465,15105137,OK
EMP-20260704-F4BA20F1,15101216,OK
EMP-20260704-09F4BD98,15102616,OK
EMP-20260704-D65A44AD,94058,INVALID
EMP-20260704-ABBBC263,15103961,OK
EMP-20260708-ED94D8E9,15103580,OK
EMP-20260708-320FCD0B,1023769,INVALID
EMP-20260709-AB7FBDF0,15104188,OK
EMP-20260709-5202CCCE,15103944,OK
EMP-20260708-87053D68,1023757,INVALID
EMP-20260725-7B603760,15105463,OK
EMP-20260725-BD999921,15104429,OK
EMP-20260725-641939A6,15105361,OK
EMP-20260708-32A33F82,15102847,OK
EMP-20260708-61CDAB3D,1023777,INVALID
EMP-20260708-F596A8A9,1023768,INVALID
EMP-20260709-94BC65F6,15104521,OK
EMP-20260708-75FD2E27,15103156,OK
EMP-20260709-D7A8B58E,15104716,OK
EMP-20260709-999037AC,15103865,OK
EMP-20260709-E2CC4D18,15101229,OK
EMP-20260706-3FE594D5,15105016,OK
EMP-20260708-B27B0C97,1023776,INVALID
EMP-20260708-511A84A0,15101228,OK
EMP-20260709-EED1F8BD,15103987,OK
EMP-20260709-FD89531F,1023767,INVALID
EMP-20260708-ACFA461E,15105060,OK
EMP-20260708-D70AEBDC,15104404,OK
EMP-20260708-B2432B2D,15104505,OK
EMP-20260708-E13D6CAC,15104681,OK
EMP-20260708-4901297D,15105013,OK
EMP-20260803-A9E63D4B,15105448,OK
EMP-20260708-70568B57,15104620,OK
EMP-20260708-0B30EC33,15104785,OK
EMP-20260708-A8600115,15104645,OK
EMP-20260707-6921CF47,15102042,OK
EMP-20260707-C29416C4,15105276,OK
EMP-20260725-1280CB94,15102419,OK
EMP-20260707-C668A46E,15103809,OK
EMP-20260707-AF7CEAC9,15105283,OK
EMP-20260707-A7AD9BA5,15105108,OK
EMP-20260707-D4CF2E68,17863,INVALID
EMP-20260707-998AD711,15104064,OK
EMP-20260707-A42C9A9C,17862,INVALID
EMP-20260707-7D921BAE,15100938,OK
EMP-20260707-8119C68D,15103559,OK
EMP-20260707-2B3D019E,15100937,OK
EMP-20260624-12E123D2,15104705,OK
EMP-20260624-9B0E5615,15102701,OK
EMP-20260624-79B80EAD,15102990,OK
EMP-20260624-0D48F82A,15102715,OK
EMP-20260711-52021120,15105349,OK
EMP-20260624-D08E2741,15102713,OK
EMP-20260624-99DD1B1E,15102629,OK
EMP-20260624-3E75E204,15102702,OK
EMP-20260624-A748F21D,15101384,OK
EMP-20260624-E1E7F6B4,15103314,OK
EMP-20260624-0A7A8AAA,15103291,OK
EMP-20260624-EBF0FABC,15102312,OK
EMP-20260624-61D06775,15102705,OK
EMP-20260624-150D1D28,15100284,OK
EMP-20260723-078C61AC,15105424,OK
EMP-20260719-5C0F76C3,15103118,OK
EMP-20260624-27B1EF07,15101914,OK
EMP-20260719-8CEE5EC0,15104160,OK
EMP-20260719-1F403869,15100521,OK
EMP-20260719-27ED4D08,15105129,OK
EMP-20260719-436CC321,15104973,OK
EMP-20260719-C5C9174F,15105327,OK
EMP-20260719-DFF7FA89,15105106,OK
EMP-20260719-AFFE0231,15105091,OK
EMP-20260719-DE10002C,15104930,OK
EMP-20260719-33AA1B25,15101950,OK
EMP-20260719-ECA4A9AE,15100523,OK
EMP-20260719-5B205E76,15101703,OK
EMP-20260719-999061D2,15100524,OK
EMP-20260719-AFC83338,15101673,OK
EMP-20260719-CAE76798,15101376,OK
EMP-20260719-BF998A3A,15103356,OK
EMP-20260719-4B0D1CF1,15105018,OK
EMP-20260719-3235F76F,15102486,OK
EMP-20260719-95EAFE3A,15103824,OK
EMP-20260722-89CE7182,15101234,OK
EMP-20260711-BE2C0234,15104387,OK
EMP-20260711-A1A025B9,15105240,OK
EMP-20260722-027638D9,15101246,OK
EMP-20260722-476E13DC,15101236,OK
EMP-20260711-334DA364,15104800,OK
EMP-20260711-ABABE792,15105219,OK
EMP-20260725-5E3E54E1,15102149,OK
EMP-20260725-58775332,15105171,OK
EMP-20260725-A944782A,15104584,OK
EMP-20260725-FECCA474,15102143,OK
EMP-20260711-2A89B6C5,15105323,OK
EMP-20260711-7EA0610F,15103098,OK
EMP-20260711-00E93F52,13169,INVALID
EMP-20260722-CC27BE96,53,INVALID
EMP-20260711-1070BDA2,13171,INVALID
EMP-20260711-56F67871,15103772,OK
EMP-20260711-5AD76469,15104373,OK
EMP-20260722-A7BF7288,15101242,OK
EMP-20260711-7CFDE5A7,15103953,OK
EMP-20260711-39611388,15102528,OK
EMP-20260711-647D2B7A,15105107,OK
EMP-20260711-2D151A87,13172,INVALID
EMP-20260722-CA070A21,15101245,OK
EMP-20260711-730DB610,15105203,OK
EMP-20260711-61EB16BF,15103268,OK
EMP-20260710-29630BE2,15105132,OK
EMP-20260710-15FB18F7,15104880,OK
EMP-20260710-53E69ABA,1614,INVALID
EMP-20260710-35339E75,15100836,OK
EMP-20260706-FFE6FFB4,15105122,OK
EMP-20260713-C35C9A12,15104734,OK
EMP-20260801-D88EDCA8,15105149,OK
EMP-20260801-A88CC48B,15105147,OK
EMP-20260801-83FB2351,15105133,OK
EMP-20260801-AFCDAC4F,15105134,OK
EMP-20260710-B3DD50F3,15104531,OK
EMP-20260710-D427BF8C,15105272,OK
EMP-20260710-BF6F35AF,1615,INVALID
EMP-20260710-E174D24D,15105325,OK
EMP-20260710-46E319B8,1622,INVALID
EMP-20260710-5F861349,15100838,OK
EMP-20260710-0ECA6C83,15100761,OK
EMP-20260710-CD5CC843,15103082,OK
EMP-20260706-BDA05D6E,15104781,OK
EMP-20260710-1F6F8A8F,15104995,OK
EMP-20260706-8DD683DD,15105162,OK
EMP-20260706-469A82ED,15104958,OK
EMP-20260710-1419B8CE,15103525,OK
EMP-20260729-C4B0200E,15105418,OK
EMP-20260710-00051D80,15104964,OK
EMP-20260719-526F9B45,15100707,OK
EMP-20260719-C6A9CAC9,15103970,OK
EMP-20260719-5B8FB06E,5984,INVALID
EMP-20260719-E753C952,15104347,OK
EMP-20260719-CB2FAAD0,15102547,OK
EMP-20260719-DE444030,15100709,OK
EMP-20260719-C46B3A8E,15103651,OK
EMP-20260719-DBA89381,15100710,OK
EMP-20260719-E529AEBC,15100739,OK
EMP-20260719-1FAFAACC,15104860,OK
EMP-20260719-0FF6039B,15101658,OK
EMP-20260719-F727C583,15103220,OK
EMP-20260719-92BBB741,15103000,OK
EMP-20260719-87B8D25F,15100714,OK
EMP-20260719-3C653DB4,15103971,OK
EMP-20260719-7ED5CC20,15104172,OK
EMP-20260719-AC4582D1,15103385,OK
EMP-20260719-7186F589,5280,INVALID
EMP-20260719-CED968E0,15104332,OK
EMP-20260719-D9C93E70,13144,INVALID
EMP-20260719-CDF0075A,15102679,OK
EMP-20260719-2B6BCEB1,15103180,OK
EMP-20260719-FAC40909,15104911,OK
EMP-20260719-D5551229,13153,INVALID
EMP-20260719-4D85DCFA,15103820,OK
EMP-20260719-50A12839,15102914,OK
EMP-20260719-46BF2BF2,15103348,OK
EMP-20260719-D324DB63,15104562,OK
EMP-20260719-71D807A8,15105052,OK
EMP-20260719-3AB952E1,131557,INVALID
EMP-20260719-A04A9AA4,15104489,OK
EMP-20260708-7E08D998,15101580,OK
EMP-20260708-62EB3A90,15102224,OK
EMP-20260708-C5D0A525,15101772,OK
EMP-20260708-A995EC27,15100314,OK
EMP-20260708-8E939F25,15104081,OK
EMP-20260708-E6FCF140,15103574,OK
EMP-20260729-561C4268,15103505,OK
EMP-20260708-51D6D018,15100325,OK
EMP-20260708-112370F4,15101456,OK
EMP-20260708-57FC1403,15105023,OK
EMP-20260708-25E19E46,15105083,OK
EMP-20260708-7E56A346,15100317,OK
EMP-20260710-12C91D55,15100398,OK
EMP-20260708-0AEABE61,15103030,OK
EMP-20260708-83B25CF2,15102025,OK
EMP-20260708-D8E2549B,15102970,OK
EMP-20260708-FA755C4D,15104026,OK
EMP-20260713-8E47AAB2,15103495,OK
EMP-20260624-003A448D,15100958,OK
EMP-20260624-275B3FF7,15104528,OK
EMP-20260624-FD1E9FDA,15104728,OK
EMP-20260624-9E41B736,15100959,OK
EMP-20260624-139CA48E,15104067,OK
EMP-20260624-81544A77,15104189,OK
EMP-20260624-DB45CE35,15101679,OK
EMP-20260624-30A367C2,15102773,OK
EMP-20260624-44465B74,15104693,OK
EMP-20260624-E505427B,15104825,OK
EMP-20260624-E6184C68,15104216,OK
EMP-20260624-246B2401,15100960,OK
EMP-20260624-E891B817,15105095,OK
EMP-20260624-983133BD,16279,INVALID
EMP-20260624-DCC9F136,16274,INVALID
EMP-20260624-2B6A714E,16273,INVALID
EMP-20260624-806696E0,16264,INVALID
EMP-20260624-67B539F5,15103938,OK
EMP-20260624-3D073D10,15103288,OK
EMP-20260624-BE8B88FD,16288,INVALID
EMP-20260724-5E7C9465,15105432,OK
EMP-20260624-3AA20276,15103900,OK
EMP-20260624-0D1D82DA,15104242,OK
EMP-20260624-868A0AE9,15103790,OK
EMP-20260719-50D70A93,14399,INVALID
EMP-20260719-2595980F,15102083,OK
EMP-20260719-F0C0E788,15101930,OK
EMP-20260719-B98DFC00,15105031,OK
EMP-20260719-22BA125F,15103215,OK
EMP-20260719-3F522433,15105262,OK
EMP-20260719-3F8D11A7,15102243,OK
EMP-20260719-9D52A925,15105025,OK
EMP-20260719-88A6D44B,15105058,OK
EMP-20260719-B089F8CF,15102064,OK
EMP-20260719-593780D2,15101824,OK
EMP-20260719-26BEF665,15102087,OK
EMP-20260719-17067057,15103905,OK
EMP-20260624-30E3C403,14663,INVALID
EMP-20260624-48FB7398,51,INVALID
EMP-20260624-F1CA04E7,15103600,OK
EMP-20260624-0DFE659A,15105225,OK
EMP-20260624-E0EB4781,15104070,OK
EMP-20260624-78E4FCCC,15101254,OK
EMP-20260624-C4E5741B,15102588,OK
EMP-20260624-8B50D6A0,15102963,OK
EMP-20260710-44124063,15104776,OK
EMP-20260710-50D55FC2,15101618,OK
EMP-20260710-F968F445,15105333,OK
EMP-20260710-E5454BAA,15104863,OK
EMP-20260710-371C9084,15100332,OK
EMP-20260725-8E263976,15102350,OK
EMP-20260710-6F5B0712,15104493,OK
EMP-20260710-A588D275,15104994,OK
EMP-20260710-DE06C0AC,15104903,OK
EMP-20260710-10C96E88,15101406,OK
EMP-20260710-723CCD9A,15104755,OK
EMP-20260710-EBE6C8B5,15104046,OK
EMP-20260710-C21BF589,15104978,OK
EMP-20260710-7FEBA5F7,15102649,OK
EMP-20260710-A495FD6B,15105220,OK
EMP-20260719-BD9FD455,15100593,OK
EMP-20260719-A32DC794,15104305,OK
EMP-20260719-68A3D0F8,15104331,OK
EMP-20260719-65F28C06,15100595,OK
EMP-20260719-DA982B71,15105004,OK
EMP-20260719-F09649DB,12125,INVALID
EMP-20260719-19F8B567,15105127,OK
EMP-20260719-0DC2E3C2,15103959,OK
EMP-20260719-650D55C3,15104783,OK
EMP-20260719-89392BC1,15102952,OK
EMP-20260719-F4B0A0B5,15104990,OK
EMP-20260719-52E1948B,15104000,OK
EMP-20260719-5A532057,15104375,OK
EMP-20260708-C7710769,15104405,OK
EMP-20260708-72A1A8D8,15104409,OK
EMP-20260708-B3D5B56A,15104615,OK
EMP-20260708-5FBD09FA,15104466,OK
EMP-20260708-582C93EA,15104684,OK
EMP-20260708-3FFADFA0,15103581,OK
EMP-20260722-FC5FFBB6,15105257,OK
EMP-20260708-A94863E0,15104759,OK
EMP-20260708-B21DFAE4,15104480,OK
EMP-20260708-49FCFAC3,15104653,OK
EMP-20260624-5BF1B7E3,,
EMP-20260624-775C87A0,15100941,OK
EMP-20260624-598512EE,15104954,OK
EMP-20260624-16F7B503,15103844,OK
EMP-20260624-96229250,15104991,OK
EMP-20260624-8943CE7C,15100942,OK
EMP-20260624-07A18008,15100945,OK
EMP-20260624-127D4E50,15105267,OK
EMP-20260719-53D87249,15101797,OK
EMP-20260719-E794A500,15100604,OK
EMP-20260719-8052BBAA,15101592,OK
EMP-20260719-61CD7EE4,15103893,OK
EMP-20260719-8123A20E,15100606,OK
EMP-20260719-CD3E4A06,15103646,OK
EMP-20260719-622D505E,15100607,OK
EMP-20260719-24D9BF78,15102601,OK
EMP-20260719-AA5C94CC,15105190,OK
EMP-20260719-1F9674E6,15170,INVALID
EMP-20260719-6746C408,15100650,OK
EMP-20260719-837C37EC,15101997,OK
EMP-20260719-FEC9B03E,15102814,OK
EMP-20260624-ACA5B5AE,15102604,OK
EMP-20260624-6676C005,15103579,OK
EMP-20260624-D07AB6E1,15104925,OK
EMP-20260624-F1510DDC,15101978,OK
EMP-20260624-4E95D387,15101717,OK
EMP-20260804-DE69A707,15105340,OK
EMP-20260624-0F49FB73,15101865,OK
EMP-20260624-DC99B647,15102974,OK
EMP-20260624-DFC354F9,15105111,OK
EMP-20260624-47E4EE93,15103103,OK
EMP-20260624-6CE3FB83,15104886,OK
EMP-20260710-869BD697,15105374,OK
EMP-20260624-6192F3FD,12759,INVALID
EMP-20260624-87087E7D,15104950,OK
EMP-20260624-BB8E84BF,15101048,OK
EMP-20260624-B2ED4E1A,15101049,OK
EMP-20260624-DF2A58FF,15103451,OK
EMP-20260624-5CAE79EC,13144,INVALID
EMP-20260624-90B0DF8D,15103794,OK
EMP-20260624-EB3AFF51,15103255,OK
EMP-20260624-6F1AEDD4,15104268,OK
EMP-20260624-8A8CA848,15101051,OK
EMP-20260624-40E8ADAD,15104665,OK
EMP-20260624-DB5D76F0,15103897,OK
EMP-20260624-8469457A,15101053,OK
EMP-20260624-0B446BCE,15104914,OK
EMP-20260624-F12A293E,15103715,OK
EMP-20260624-52ACF7C3,13146,INVALID
EMP-20260624-22F597D6,15103588,OK
EMP-20260624-5A7FC130,13132,INVALID
EMP-20260624-6B0DB217,15105183,OK
EMP-20260624-40CC610B,15104243,OK
EMP-20260624-241AB0E2,15101059,OK
EMP-20260624-BEE5BA61,15103013,OK
EMP-20260624-68D0F7E7,15103722,OK
EMP-20260624-14CC9492,15103658,OK
EMP-20260624-BEB7FA21,15101205,OK
EMP-20260624-0F99C77F,13140,INVALID
EMP-20260624-2B5C7E34,15105024,OK
EMP-20260719-F158C3EE,15103960,OK
EMP-20260719-932B942D,15101064,OK
EMP-20260719-1BD74F81,13385,INVALID
EMP-20260719-C58D2B05,15101075,OK
EMP-20260719-F638CAFC,15104685,OK
EMP-20260719-E1B26721,13386,INVALID
EMP-20260719-33BD8457,15102836,OK
EMP-20260719-9B252DB7,13354,INVALID
EMP-20260719-95544DBA,15104144,OK
EMP-20260719-280D54C6,15103797,OK
EMP-20260719-F266BD34,13382,INVALID
EMP-20260719-D7A0282A,15102742,OK
EMP-20260719-E26219A5,15101069,OK
EMP-20260719-A235C786,15104564,OK
EMP-20260719-8D03B1C3,15101072,OK
EMP-20260719-10DB9F88,13384,INVALID
EMP-20260719-CB1D19BC,15103085,OK
EMP-20260719-2CD9FCAF,15101070,OK
EMP-20260719-A3933552,13381,INVALID
EMP-20260719-52621F8C,15103599,OK
EMP-20260719-15D6660D,15103416,OK
EMP-20260719-262F07F2,15104186,OK
EMP-20260624-F7B74A4C,15104856,OK
EMP-20260624-868A78BC,15101319,OK
EMP-20260624-17FF84D8,15102717,OK
EMP-20260624-E7F8FB47,15104491,OK
EMP-20260624-628A8224,15105191,OK
EMP-20260624-B41EB7FE,17092,INVALID
EMP-20260624-732C30D7,17087,INVALID
EMP-20260624-9DC02170,15104875,OK
EMP-20260624-FC21FD8B,15103419,OK
EMP-20260624-36096851,17105,INVALID
EMP-20260624-DC9E6C69,15104168,OK
EMP-20260624-DBDB23F7,15104678,OK
EMP-20260624-47C7B79C,17096,INVALID
EMP-20260624-088ED584,15102966,OK
EMP-20260624-A0104FB6,15102965,OK
EMP-20260624-9F3E368A,15103571,OK
EMP-20260624-CFFAA16E,15101324,OK
EMP-20260724-94D593BF,15105433,OK
EMP-20260624-193A8D8E,15103436,OK
EMP-20260719-16775ADB,15067,INVALID
EMP-20260719-6571074D,15104483,OK
EMP-20260719-12F270C2,15103145,OK
EMP-20260719-CC1AFC77,15105032,OK
EMP-20260719-688D7C4D,15104058,OK
EMP-20260719-86A84F3E,15101750,OK
EMP-20260719-E38FD9AE,15104306,OK
EMP-20260719-094D13D2,15101831,OK
EMP-20260719-EC40B7DC,15103663,OK
EMP-20260719-2BB44398,15100534,OK
EMP-20260719-C10D3C15,15103978,OK
EMP-20260719-5D6E681B,15104988,OK
EMP-20260719-ABF1821C,15104267,OK
EMP-20260719-692026C3,15105185,OK
EMP-20260719-A98D3C96,15100539,OK
EMP-20260719-C3E3FB97,15104870,OK
EMP-20260722-BF7FBA34,15105358,OK
EMP-20260719-4B9A2CB3,15100540,OK
EMP-20260719-B064C90C,15103229,OK
EMP-20260719-39CBE5A2,15101390,OK
EMP-20260624-75CE203A,15101704,OK
EMP-20260624-4855FAD6,15102527,OK
EMP-20260624-75B545C4,15104294,OK
EMP-20260624-D68390FB,15100454,OK
EMP-20260723-EE933F2A,15105301,OK
EMP-20260624-AE47284F,15100457,OK
EMP-20260624-A53A5308,15105252,OK
EMP-20260624-36F97578,15104068,OK
EMP-20260624-523F98FD,15100453,OK
EMP-20260624-94960B1C,15101927,OK
EMP-20260624-B86B5FFE,15102961,OK
EMP-20260624-0F84B19B,15104271,OK
EMP-20260730-214946A4,15105443,OK
EMP-20260715-5A144900,15101872,OK
EMP-20260711-883E6B08,15103986,OK
EMP-20260711-7BB25CB9,15100067,OK
EMP-20260711-AE38F6B3,15104929,OK
EMP-20260711-8A67DE42,15100106,OK
EMP-20260711-D53246C1,15100078,OK
EMP-20260711-8B83F6E4,15100115,OK
EMP-20260711-4820DA2A,15104572,OK
EMP-20260707-B4589A4F,15101402,OK
EMP-20260711-C9A3C865,15100288,OK
EMP-20260729-42A66331,15103161,OK
EMP-20260729-FAE1E6CA,15105462,OK
EMP-20260711-20A68AF3,15101782,OK
EMP-20260711-E7A6F566,15100114,OK
EMP-20260711-EA6A7051,15101995,OK
EMP-20260717-FE8CA0B1,15105401,OK
EMP-20260711-67CDB70D,15100189,OK
EMP-20260711-C6F14E1E,15100186,OK
EMP-20260711-6242A19D,15102912,OK
EMP-20260711-4F9136AA,15101801,OK
EMP-20260711-B5EFFD88,15100082,OK
EMP-20260711-F17427E0,15103260,OK
EMP-20260624-81843D05,15104923,OK
EMP-20260624-75F83C66,17960,INVALID
EMP-20260624-0D0ADE04,15105119,OK
EMP-20260624-4189EA01,17976,INVALID
EMP-20260624-8633B76E,15103793,OK
EMP-20260624-114E8416,15102596,OK
EMP-20260624-88D46C11,15103934,OK
EMP-20260624-9E3EF23B,15104660,OK
EMP-20260624-1F49E48C,15102839,OK
EMP-20260624-B30E4C8B,15102586,OK
EMP-20260624-0BF5D3E7,15102843,OK
EMP-20260624-69CF536C,17985,INVALID
EMP-20260624-273BE269,17959,INVALID
EMP-20260725-D5FC81E6,15105391,OK
EMP-20260624-95F088CF,17961,INVALID
EMP-20260713-BFD2FF0C,15104721,OK
EMP-20260720-9634463E,15105394,OK
EMP-20260713-544A860F,12819,INVALID
EMP-20260713-9031699B,12823,INVALID
EMP-20260713-5645CDD9,15103393,OK
EMP-20260713-7306508F,15104296,OK
EMP-20260713-EF81101E,15103106,OK
EMP-20260713-FB6888BF,15105104,OK
EMP-20260713-93000ACB,15104912,OK
EMP-20260713-4E550FE5,15101087,OK
EMP-20260713-5818C337,12813,INVALID
EMP-20260713-814A2437,15101099,OK
EMP-20260713-D1FB7E56,12825,INVALID
EMP-20260713-9DFD8DB2,15104878,OK
EMP-20260713-7A40F6F7,15105112,OK
EMP-20260713-8EB25354,15103761,OK
EMP-20260713-7942CD5E,15104279,OK
EMP-20260713-2274B04B,12822,INVALID
EMP-20260713-AA325E9F,15103547,OK
EMP-20260713-6A0AA064,15105145,OK
EMP-20260713-B81A4C0B,15105100,OK
EMP-20260713-0470604E,15102906,OK
EMP-20260713-5778907E,15103093,OK
EMP-20260713-40E279F0,15103834,OK
EMP-20260710-4541F309,15102771,OK
EMP-20260710-AB5820F2,15101257,OK
EMP-20260730-2D9D00D5,15105441,OK
EMP-20260730-2DF2C385,15104541,OK
EMP-20260730-0DCAB392,15103425,OK
EMP-20260710-EF6CC583,15103285,OK
EMP-20260710-DF0FC10B,15104628,OK
EMP-20260710-279CEE00,15104080,OK
EMP-20260710-2DC04EDD,15105109,OK
EMP-20260710-6FBCCD7C,15101262,OK
EMP-20260710-457A05B3,15104877,OK
EMP-20260710-AC89AACC,15103143,OK
EMP-20260706-DEABA0F3,15100800,OK
EMP-20260706-0541F8E3,15103507,OK
EMP-20260706-B808DEBC,15105202,OK
EMP-20260706-54DAF80E,15101957,OK
EMP-20260706-540B107F,15104968,OK
EMP-20260706-93486026,15104076,OK
EMP-20260716-547405D9,15105399,OK
EMP-20260706-C4E08AE0,15103189,OK
EMP-20260624-E59032D7,15104008,OK
EMP-20260624-886CFCF4,15102559,OK
EMP-20260624-610C3BBF,15102344,OK
EMP-20260803-54F491D0,15105449,OK
EMP-20260624-5F4E4C9C,15102740,OK
EMP-20260624-CEBEA185,15101784,OK
EMP-20260624-3D119012,15100340,OK
EMP-20260624-CFD6DDDA,15103494,OK
EMP-20260624-7D012958,15104806,OK
EMP-20260624-05F47400,15101429,OK
EMP-20260624-9D282670,15100339,OK
EMP-20260624-501C6CCB,15100341,OK
EMP-20260624-63A850FB,15101820,OK
EMP-20260715-58FB5575,15100384,OK
EMP-20260723-D5E8886D,15105300,OK
EMP-20260723-EF53000F,15105376,OK
EMP-20260708-804D66CB,15105299,OK
EMP-20260708-16822837,15101623,OK
EMP-20260711-646B8D12,15104511,OK
EMP-20260723-67748167,15105393,OK
EMP-20260719-3609DBCC,15105201,OK
EMP-20260708-ADBBCF8D,15105266,OK
EMP-20260708-A33F5239,15105294,OK
EMP-20260709-1FD4C4E9,15100258,OK
EMP-20260711-8375789C,15104607,OK
EMP-20260708-5A43C325,15105273,OK
EMP-20260723-6770E27A,15105315,OK
EMP-20260708-43441FE5,15105287,OK
EMP-20260719-8C54DB29,15102430,OK
EMP-20260719-3B4EFA1D,13981,INVALID
EMP-20260719-D34E0BB8,15102526,OK
EMP-20260719-22EBC748,15102943,OK
EMP-20260719-F6A662FD,15104944,OK
EMP-20260719-F876A501,15102488,OK
EMP-20260719-1A17F18B,15102390,OK
EMP-20260719-7C5D8DF8,15103258,OK
EMP-20260719-9F882DA4,15102391,OK
EMP-20260719-015BB07D,15102405,OK
EMP-20260719-18A69CB8,15104260,OK
EMP-20260719-1DF0B394,15104827,OK
EMP-20260719-A7C1AA34,15104905,OK
EMP-20260719-E6F308B1,15105217,OK
EMP-20260719-B4E290F5,15104259,OK
EMP-20260624-171D3F3E,15101860,OK
EMP-20260624-A7C369C2,15104948,OK
EMP-20260624-2A493457,15105030,OK
EMP-20260624-08FD28FD,15100345,OK
EMP-20260624-A3394F6F,15101382,OK
EMP-20260717-F5E7EB24,15104939,OK
EMP-20260716-EB5E9C30,15101265,OK
EMP-20260717-6A0401ED,15101266,OK
EMP-20260716-45E4335A,15101267,OK
EMP-20260717-487D1B2C,14720,INVALID
EMP-20260717-C7DEF257,15103331,OK
EMP-20260717-ABFA3E7F,15101281,OK
EMP-20260717-850EEFD2,15103724,OK
EMP-20260717-768D13FD,12134,INVALID
EMP-20260717-3DB6FB4E,15104370,OK
EMP-20260725-BBC85C35,15104557,OK
EMP-20260725-48CEBBAE,15104725,OK
EMP-20260725-FC1381D4,15104028,OK
EMP-20260725-77472170,15102205,OK
EMP-20260725-47CB8EC4,15102204,OK
EMP-20260716-8B016439,15101269,OK
EMP-20260717-6126F9BF,15104686,OK
EMP-20260717-1B80CFE9,12842,INVALID
EMP-20260717-4633CEFE,14721,INVALID
EMP-20260716-996F2A3F,15103404,OK
EMP-20260717-54EF662C,15101270,OK
EMP-20260717-258B6E02,12841,INVALID
EMP-20260717-C3A55044,13420,INVALID
EMP-20260716-0A941871,15101276,OK
EMP-20260716-021C0F87,13193,INVALID
EMP-20260717-4C5FDA98,15102937,OK
EMP-20260717-63E7A940,15103518,OK
EMP-20260716-2FCA320D,15102597,OK
EMP-20260716-B96C6E80,15101277,OK
EMP-20260717-77D503F9,15101278,OK
EMP-20260720-F9CB6104,15105396,OK
EMP-20260716-3DDCBB2E,15101280,OK
EMP-20260717-30AE5EAC,15103343,OK
EMP-20260717-78F3C222,15102865,OK
EMP-20260624-B5CF281E,15103557,OK
EMP-20260624-F6C7FDD1,15103664,OK
EMP-20260624-BA61D6AB,1067,INVALID
EMP-20260624-FEE1DC36,15105238,OK
EMP-20260624-6D328163,15100808,OK
EMP-20260624-C2AEB0E6,15100811,OK
EMP-20260624-FE7A5D15,15103884,OK
EMP-20260624-7CA55B30,15103788,OK
EMP-20260624-C0A5FF91,15103423,OK
EMP-20260624-2DBDE992,223023,INVALID
EMP-20260624-9B1FB69A,15105223,OK
EMP-20260624-6714DD9E,15103398,OK
EMP-20260624-48175118,15105035,OK
EMP-20260624-31AB5180,223026,INVALID
EMP-20260624-F3BDC88F,223022,INVALID
EMP-20260624-48D5DA8A,15103383,OK
EMP-20260624-EBB8841D,15103116,OK
EMP-20260624-D8855BA4,15104394,OK
EMP-20260624-46C10410,15104703,OK
EMP-20260624-D467116B,15105254,OK
EMP-20260624-8F0AF9A6,15104774,OK
EMP-20260624-A5DF37C2,15100771,OK
EMP-20260624-E16C7B5C,15105278,OK
EMP-20260624-3EC5C586,15104421,OK
EMP-20260624-4CD3B6BB,15103191,OK
EMP-20260624-A6A44C88,15101577,OK
EMP-20260624-4FABD572,15100508,OK
EMP-20260624-E9B3BCF5,15101819,OK
EMP-20260624-5543884A,15103652,OK
EMP-20260624-B09B2E1F,15100276,OK
EMP-20260624-F3FE0C15,15103078,OK
EMP-20260624-BDCCB8F1,15101628,OK
EMP-20260719-BC9525D8,15101546,OK
EMP-20260719-667022C1,15101661,OK
EMP-20260719-E4092929,15102017,OK
EMP-20260719-4B7C43F0,15100544,OK
EMP-20260719-F7534069,15103004,OK
EMP-20260719-890AF7FC,15103447,OK
EMP-20260719-F99569F0,15104711,OK
EMP-20260719-F4F6CDBB,15104307,OK
EMP-20260719-8903A480,15104348,OK
EMP-20260719-34D495C7,15101713,OK
EMP-20260719-504F5A1E,15104308,OK
EMP-20260719-FDD2E2F0,15102791,OK
EMP-20260719-CA9A1B3A,15101699,OK
EMP-20260719-364A9A38,15100550,OK
EMP-20260719-0A2661F2,15104618,OK
EMP-20260719-D5F5426A,15103626,OK
EMP-20260719-468AE339,15104857,OK
EMP-20260719-F8395A76,15100552,OK
EMP-20260711-C66DEE38,15104591,OK
EMP-20260711-29E67960,15101431,OK
EMP-20260711-4FE34F50,15100347,OK
EMP-20260711-8A9E9BE8,15101483,OK
EMP-20260711-72359BC4,15101386,OK
EMP-20260711-D0AA2574,15101573,OK
EMP-20260711-31657DAD,15100350,OK
EMP-20260801-2EF0E0EA,15101648,OK
EMP-20260711-FACDEC2A,15100368,OK
EMP-20260711-3208BEC8,15104690,OK
EMP-20260711-09CEF163,15101539,OK
EMP-20260711-00CBC32C,15104506,OK
EMP-20260711-F958E2F7,15104553,OK
EMP-20260710-C7BE50CA,15101373,OK
EMP-20260725-EC4762CA,15104453,OK
EMP-20260725-B247F9A6,15102769,OK
EMP-20260725-646340BE,15104449,OK
EMP-20260711-BBF9BCCC,15101652,OK
EMP-20260711-3A3F740B,15100352,OK
EMP-20260711-1383074E,15100353,OK
EMP-20260711-32B0CE83,15100354,OK
EMP-20260711-52692C05,15105139,OK
EMP-20260711-A0B1D4D2,15100355,OK
EMP-20260711-B35ED08C,15104246,OK
EMP-20260711-11ECE22B,15103164,OK
EMP-20260711-58E62EA4,15103138,OK
EMP-20260711-60696772,15100361,OK
EMP-20260711-81CF64EB,15104869,OK
EMP-20260711-20360BBF,15104764,OK
EMP-20260711-120EA83C,15100363,OK
EMP-20260711-A1EEADEE,15103330,OK
EMP-20260711-C65D82F2,15100360,OK
EMP-20260711-2AA380A1,15101393,OK
EMP-20260711-CD4136C9,15100365,OK
EMP-20260711-48CB43C8,15100366,OK
EMP-20260711-DCE09FBE,15103675,OK
EMP-20260711-FC9F8108,15104668,OK
EMP-20260711-20A662BA,15104707,OK
EMP-20260711-0C8629E2,15104556,OK
EMP-20260711-6A7B996C,15104538,OK
EMP-20260711-B1C7D9B3,15104979,OK
EMP-20260711-2C9CF993,15103762,OK
EMP-20260711-FB44749F,15104110,OK
EMP-20260711-DB9EEEE2,15105180,OK
EMP-20260729-DF96E346,15102767,OK
EMP-20260729-391F7E49,15102768,OK
EMP-20260729-181BDBB3,15104674,OK
EMP-20260711-8DF5C222,15104723,OK
EMP-20260711-D2EE48A6,15103839,OK
EMP-20260711-1E6061CF,15104156,OK
EMP-20260711-2262B6E0,15101395,OK
EMP-20260711-4F5B6216,15104590,OK
EMP-20260711-FAC9C140,15103911,OK
EMP-20260711-C5E14A5E,15104762,OK
EMP-20260711-EBF685D7,15104809,OK
EMP-20260711-3CA228FA,15104691,OK
EMP-20260711-807795CE,15104570,OK
EMP-20260711-AD497F14,15104609,OK
EMP-20260710-6142923B,15101102,OK
EMP-20260710-694878E1,15992,INVALID
EMP-20260710-9D347B5E,15104793,OK
EMP-20260720-A9BAF2B6,15105408,OK
EMP-20260710-1D3B8CD0,15990,INVALID
EMP-20260725-1CFD8B5E,15104514,OK
EMP-20260723-99FD5F58,15105422,OK
EMP-20260728-06304B93,15105435,OK
EMP-20260709-737425C0,13489,INVALID
EMP-20260709-E5C294AF,13485,INVALID
EMP-20260709-6700FC71,13491,INVALID
EMP-20260709-92AE565D,15104688,OK
EMP-20260725-D9064603,13484,INVALID
EMP-20260709-07245047,15104477,OK
EMP-20260801-7E869F23,15102404,OK
EMP-20260801-1C7208CA,15103429,OK
EMP-20260801-7EEDE617,15102403,OK
EMP-20260801-9EFC2FC5,15103195,OK
EMP-20260725-FA645180,15103631,OK
EMP-20260725-B1373E1D,15103712,OK
EMP-20260709-7DF1663D,13481,INVALID
EMP-20260709-C8F7C6FE,15102944,OK
EMP-20260709-45A8C65D,15103403,OK
EMP-20260725-8CE471DE,15104212,OK
EMP-20260725-E81FFBB3,15104548,OK
EMP-20260709-2CC228A6,15102654,OK
EMP-20260709-48F0F707,15104629,OK
EMP-20260725-5FCB0998,13493,INVALID
EMP-20260709-77FC26B1,15101110,OK
EMP-20260709-6135FF6B,15101116,OK
EMP-20260709-8E1DEA04,15101113,OK
EMP-20260709-6C30464B,13482,INVALID
EMP-20260709-F5D521DF,15105464,OK
EMP-20260624-2E0A4BE5,13453,INVALID
EMP-20260624-FEDD8902,15104169,OK
EMP-20260624-88AF17E6,15103552,OK
EMP-20260718-EE56F03C,15105415,OK
EMP-20260624-6AF520C0,15100557,OK
EMP-20260624-05E6194A,15101422,OK
EMP-20260624-254BEE72,15104719,OK
EMP-20260624-7568982C,15101856,OK
EMP-20260624-269CA376,15104551,OK
EMP-20260624-B636B886,15104226,OK
EMP-20260624-71752CCA,15103359,OK
EMP-20260624-BE2CC526,15102406,OK
EMP-20260725-8544BBD1,53250,INVALID
EMP-20260711-477557D3,15103708,OK
EMP-20260711-6A39BEF9,15101516,OK
EMP-20260711-16CBCAEE,15101042,OK
EMP-20260711-700F910C,15101526,OK
EMP-20260711-1C226046,15104312,OK
EMP-20260711-C2736E6E,15102541,OK
EMP-20260711-925BED45,15104358,OK
EMP-20260711-2BD0A72D,15102639,OK
EMP-20260711-B0EA3B58,15105207,OK
EMP-20260711-9F25A19B,15103023,OK
EMP-20260711-4B884F43,15101519,OK
EMP-20260711-649AFDB9,15104649,OK
EMP-20260711-C514DEF2,15101091,OK
EMP-20260711-51EBE25C,15104490,OK
EMP-20260711-19A7CF0E,15101517,OK
EMP-20260711-81080693,15102672,OK
EMP-20260624-DE4B2E7A,15104402,OK
EMP-20260624-97040278,15104438,OK
EMP-20260624-AEA73E9E,15104752,OK
EMP-20260624-89B623CD,15104496,OK
EMP-20260624-602A2883,15104510,OK
EMP-20260624-8793BC0A,15104533,OK
EMP-20260624-C1B89837,15104380,OK
EMP-20260624-30AAD7BC,15105006,OK
EMP-20260624-84381D9D,15104751,OK
EMP-20260710-059279A3,15102462,OK
EMP-20260710-9017F10C,15103720,OK
EMP-20260710-8B9BDD21,15103612,OK
EMP-20260710-F3EE0180,15100616,OK
EMP-20260711-82740DB0,15102244,OK
EMP-20260711-D6079845,15104733,OK
EMP-20260711-F985DE04,15100617,OK
EMP-20260711-F4201784,15104654,OK
EMP-20260718-95A7D592,15105404,OK
EMP-20260711-F03624BE,15105373,OK
EMP-20260725-3BB469CD,15102178,OK
EMP-20260725-41C64694,15105037,OK
EMP-20260725-C7DA79AE,15102592,OK
EMP-20260725-204425F7,15102176,OK
EMP-20260711-6516253F,15103603,OK
EMP-20260711-EB2DE24D,15103854,OK
EMP-20260711-E10AA924,15101477,OK
EMP-20260711-F207F826,15104173,OK
EMP-20260711-71D13811,15103543,OK
EMP-20260711-2FB6BBC2,15102093,OK
EMP-20260711-8FA224CA,15104902,OK
EMP-20260711-4B199548,15100623,OK
EMP-20260711-6B29E12C,15103544,OK
EMP-20260711-B4DB187B,15102998,OK
EMP-20260711-3BA1593F,15102061,OK
EMP-20260711-FC723154,15102433,OK
EMP-20260711-A853655A,15104469,OK
EMP-20260711-D8D55248,15103336,OK
EMP-20260711-DC97DC50,15100629,OK
EMP-20260711-8829DC56,15102304,OK
EMP-20260711-9A1D253B,15102057,OK
EMP-20260624-C18222F3,15102854,OK
EMP-20260624-A59E3E41,12342,INVALID
EMP-20260624-D5BC8DBF,15102968,OK
EMP-20260624-1C9AEEAA,13239,INVALID
EMP-20260723-4AB90669,15105427,OK
EMP-20260624-FD0A2042,15102693,OK
EMP-20260624-7DEE7B01,12,INVALID
EMP-20260624-299C1F17,15,INVALID
EMP-20260624-0229827E,11,INVALID
EMP-20260624-3D0350E5,15103609,OK
EMP-20260724-9FF707C7,15105426,OK
EMP-20260624-6DDC5C89,15100857,OK
EMP-20260624-52B95EE3,15104675,OK
EMP-20260624-C3CA382E,15104917,OK
EMP-20260624-65AB4992,15104180,OK
EMP-20260710-ECEEB09B,15105351,OK
EMP-20260624-B05BAF20,9,INVALID
EMP-20260727-697083C6,15105413,OK
EMP-20260719-AE22D523,15100783,OK
EMP-20260719-4647EB76,7861,INVALID
EMP-20260719-3203151F,15103898,OK
EMP-20260728-93FBC552,15102098,OK
EMP-20260719-35DB4D64,15102988,OK
EMP-20260801-D3D85527,15105442,OK
EMP-20260719-E7CA4A07,7860,INVALID
EMP-20260719-C19FF4D1,7856,INVALID
EMP-20260719-6016BC00,15102565,OK
EMP-20260719-9EB5EB7E,15104344,OK
EMP-20260719-1D112BEB,7866,INVALID
EMP-20260719-84FC7B06,15104585,OK
EMP-20260719-9C2066E7,15100780,OK
EMP-20260719-706FED8C,15105067,OK
EMP-20260707-B13849C8,15100861,OK
EMP-20260707-CF114DE0,18678,INVALID
EMP-20260707-D4769C7D,15103868,OK
EMP-20260707-322C1167,15100862,OK
EMP-20260707-48BCA1C1,15104908,OK
EMP-20260722-8B03AAF5,15105425,OK
EMP-20260707-93BC62EB,15103216,OK
EMP-20260707-D24E01D4,15104826,OK
EMP-20260707-3797E84C,15102760,OK
EMP-20260707-C80663EB,15103126,OK
EMP-20260707-A631C3E2,15105263,OK
EMP-20260707-24071475,15103521,OK
EMP-20260713-9FA6EA3E,15104073,OK
EMP-20260707-5F6B4383,15100865,OK
EMP-20260707-0365CDE2,15102587,OK
EMP-20260707-1CF201A9,15103641,OK
EMP-20260719-A673E56B,15102669,OK
EMP-20260719-D03BDED4,15103819,OK
EMP-20260719-1B1D12C2,15105126,OK
EMP-20260719-C3A3973F,15545,INVALID
EMP-20260719-77610A9F,15103377,OK
EMP-20260719-597F90D2,15104116,OK
EMP-20260719-C0FE29A7,15103949,OK
EMP-20260719-466F7446,15103710,OK
EMP-20260719-8138CC27,15594,INVALID
EMP-20260719-CA9AC3F3,15105128,OK
EMP-20260719-B667CAC5,15624,INVALID
EMP-20260719-54D15D18,15620,INVALID
EMP-20260719-2B62D17B,15105113,OK
EMP-20260719-D78FD5F1,15627,INVALID
EMP-20260719-FE1D932D,15102669,OK
EMP-20260719-803770F6,15100871,OK
EMP-20260719-056A3BC1,15103829,OK
EMP-20260719-0F94E938,13297,INVALID
EMP-20260719-4259072D,15102893,OK
EMP-20260719-90F4DD74,15100874,OK
EMP-20260719-258C584E,15104996,OK
EMP-20260719-CB7CF980,15104605,OK
EMP-20260719-E83989D3,15104983,OK
EMP-20260719-F40B99DC,15104810,OK
EMP-20260727-EE5CB0C1,15105317,OK
EMP-20260719-C4BCAD40,15104518,OK
EMP-20260719-EC9FD24F,15103957,OK
EMP-20260719-668B4008,15100877,OK
EMP-20260719-2FAA2C5F,15105319,OK
EMP-20260719-E0161177,15104894,OK
EMP-20260719-6252EE75,15102914,OK
EMP-20260719-048D1D4F,133295,INVALID
EMP-20260719-91DD322D,15105189,OK
EMP-20260719-141E8AAE,12436,INVALID
EMP-20260719-71015393,15100882,OK
EMP-20260719-F124F578,15100884,OK
EMP-20260719-4CD939AE,15100883,OK
EMP-20260624-2CCBD805,15101685,OK
EMP-20260624-3F11537E,15103752,OK
EMP-20260624-84546D0D,15101684,OK
EMP-20260624-B00B074A,15101854,OK
EMP-20260624-0B6B508E,15101937,OK
EMP-20260624-47F94F4A,15101720,OK
EMP-20260624-2923CF6D,15102575,OK
EMP-20260624-A0992FBE,15105007,OK
EMP-20260624-335D7ECD,15104748,OK
EMP-20260624-5D97F01E,15102889,OK
EMP-20260624-A40DBC0B,15101732,OK
EMP-20260624-3B735643,15101789,OK
EMP-20260624-15630389,15102092,OK
EMP-20260624-A0D57103,15101749,OK
EMP-20260624-588AE136,15103336,OK
EMP-20260624-D5FCE805,15103832,OK
EMP-20260624-97DA4E0C,15101885,OK
EMP-20260624-0A66E49D,15101680,OK
EMP-20260624-C143329B,15101697,OK
EMP-20260624-B19022E4,87026,INVALID
EMP-20260624-F3AC477D,87030,INVALID
EMP-20260624-D06ABF85,87027,INVALID
EMP-20260624-550DA9D0,15102686,OK
EMP-20260707-491BBB1F,15104603,OK
EMP-20260707-9F6B2438,15100633,OK
EMP-20260708-F96CA5D6,15100634,OK
EMP-20260707-C87805AF,15103586,OK
EMP-20260707-9A7D0F14,15104554,OK
EMP-20260707-A4770859,15103122,OK
EMP-20260707-82933E0F,15101742,OK
EMP-20260708-E7727E8F,15100635,OK
EMP-20260707-B0CDD856,15100636,OK
EMP-20260707-0A09F953,15100638,OK
EMP-20260707-16899ADA,15104048,OK
EMP-20260707-17E62053,15103333,OK
EMP-20260624-15E82772,15103738,OK
EMP-20260624-CE408CA0,15101314,OK
EMP-20260624-A277B03A,42,INVALID
EMP-20260624-B627AAE5,15105288,OK
EMP-20260701-A5235E14,15105140,OK
EMP-20260701-369A55C0,15102781,OK
EMP-20260725-09E77F9D,15102209,OK
EMP-20260701-55A724C5,15104481,OK
EMP-20260701-5521178D,15104920,OK
EMP-20260701-CD0F3E3F,15105141,OK
EMP-20260701-6AF2BF29,15103352,OK
EMP-20260701-358E25CD,18254,INVALID
EMP-20260701-34D43F66,15102531,OK
EMP-20260719-21E9B171,15101781,OK
EMP-20260719-DE18625E,15103066,OK
EMP-20260719-36A597A1,15100371,OK
EMP-20260719-55C2E6DA,15103759,OK
EMP-20260719-DA5E1C5E,15102368,OK
EMP-20260719-C3264127,15104256,OK
EMP-20260719-D5E9278F,15102833,OK
EMP-20260719-8D23E99A,15104949,OK
EMP-20260719-FE697265,15100415,OK
EMP-20260719-ACF363F2,15100375,OK
EMP-20260719-333E76B0,15105064,OK
EMP-20260719-E9FAFDED,15100377,OK
EMP-20260719-35DC87B5,15102426,OK
EMP-20260710-B1F486E8,15105076,OK
EMP-20260710-28DDD65F,15100639,OK
EMP-20260710-F46222BE,15104965,OK
EMP-20260710-2C9ED3BF,15547,INVALID
EMP-20260710-96EE9BFC,15103587,OK
EMP-20260710-E8431573,15100654,OK
EMP-20260710-C947A847,15100641,OK
EMP-20260710-8EA8AC69,15104530,OK
EMP-20260710-999AE6A1,15105092,OK
EMP-20260710-B48CBBA9,15101741,OK
EMP-20260710-55D07A75,15100642,OK
EMP-20260710-2DC409DF,15101490,OK
EMP-20260710-C27525B6,15101726,OK
EMP-20260710-8211938C,15104798,OK
EMP-20260710-22900591,15100644,OK
EMP-20260710-8B432F4A,15102524,OK
EMP-20260710-12191297,15100645,OK
EMP-20260710-FEBD58EE,15104503,OK
EMP-20260710-F38168F9,15102617,OK
EMP-20260711-8427DC5A,15100648,OK
EMP-20260711-98BFE1F9,15102060,OK
EMP-20260710-12ECB7D0,15105312,OK
EMP-20260711-5BBF1E34,15551,INVALID
EMP-20260710-2F99C73E,15100653,OK
EMP-20260710-905CA574,15101868,OK
EMP-20260624-15737F51,7,INVALID
EMP-20260624-BDA8D45D,2,INVALID
EMP-20260624-01ABB53C,15103231,OK
EMP-20260624-A000CB44,15359,INVALID
EMP-20260624-486729B7,15101123,OK
EMP-20260624-C8367AFD,15104072,OK
EMP-20260624-730CA73E,15101125,OK
EMP-20260624-1EADD4DF,15101137,OK
EMP-20260624-278B2578,15101126,OK
EMP-20260624-7AF5C415,15101133,OK
EMP-20260624-0A42502F,15105002,OK
EMP-20260624-0F3B8DE3,12281,INVALID
EMP-20260624-4CF3A2D9,15103401,OK
EMP-20260624-97FF66A9,15103908,OK
EMP-20260624-B371344B,12283,INVALID
EMP-20260624-341BC62B,12647,INVALID
EMP-20260624-D0235369,15104976,OK
EMP-20260624-E689B49F,15102991,OK
EMP-20260624-7FE02F8A,15102576,OK
EMP-20260624-42833664,15104283,OK
EMP-20260624-6F77BCFA,12282,INVALID
EMP-20260624-B1C0A7AD,15101132,OK
EMP-20260624-3C0B2E60,12285,INVALID
EMP-20260624-1E7B95C0,15102622,OK
EMP-20260624-19C06D0C,15101117,OK
EMP-20260624-26B34C31,15102992,OK
EMP-20260624-5F15AE8F,15105173,OK
EMP-20260624-F1315D95,15104871,OK
EMP-20260624-A162458F,15102683,OK
EMP-20260624-38F30F75,15101558,OK
EMP-20260624-CF99C3E1,15102652,OK
EMP-20260624-B22CAF67,15102599,OK
EMP-20260624-AD38CF2D,15103669,OK
EMP-20260624-E4C91412,15103785,OK
EMP-20260624-D855581C,15103754,OK
EMP-20260624-98D7925D,15101139,OK
EMP-20260624-6EBE812B,15104151,OK
EMP-20260624-86A65F84,15104194,OK
EMP-20260624-B3C34567,15105176,OK
EMP-20260624-7AFD71FC,15104487,OK
EMP-20260624-302599AE,15104020,OK
EMP-20260624-4D6C17A2,15102556,OK
EMP-20260624-1014D28C,891098,INVALID
EMP-20260624-29216EC2,15105130,OK
EMP-20260624-3F9FCCCA,15101141,OK
EMP-20260624-0D1B6792,15104921,OK
EMP-20260624-E6C86908,15105286,OK
EMP-20260624-52E211C1,891091,INVALID
EMP-20260719-13CEB5D3,15104195,OK
EMP-20260719-549FF8F2,15103799,OK
EMP-20260719-6056179E,15103775,OK
EMP-20260719-E0E2BE0A,15100379,OK
EMP-20260719-E1325F2B,15103060,OK
EMP-20260719-CEAEC063,15103983,OK
EMP-20260719-509E166D,15103833,OK
EMP-20260719-5D513130,15100381,OK
EMP-20260719-76EEDC13,15104638,OK
EMP-20260719-5AE14FAF,15101365,OK
EMP-20260719-5C9D5B7F,15100384,OK
EMP-20260711-74749CC6,15100110,OK
EMP-20260719-6EEA71DB,15100386,OK
EMP-20260719-FB19431F,15100385,OK
EMP-20260719-A771A849,15100388,OK
EMP-20260719-33EEE119,15100387,OK
EMP-20260708-4A87FF1C,15103553,OK
EMP-20260725-A2134D52,15104174,OK
EMP-20260725-E9A2A17E,15102756,OK
EMP-20260725-C2EC9E91,15102930,OK
EMP-20260708-B4ACA8EE,15104540,OK
EMP-20260708-FB6D60DB,15102029,OK
EMP-20260708-CF80E7F0,15101883,OK
EMP-20260708-C469B4E1,15104448,OK
EMP-20260708-DE1E6346,15101777,OK
EMP-20260708-05A64FF7,15101859,OK
EMP-20260708-BC8043B0,15102214,OK
EMP-20260624-FE17B9F6,15105116,OK
EMP-20260624-C1562262,15105094,OK
EMP-20260624-ACC7C0BB,15105121,OK
EMP-20260624-0703E423,15104738,OK
EMP-20260624-A9816C8B,15105245,OK
EMP-20260624-AF2ACE65,15102790,OK
EMP-20260624-10E6F225,15105210,OK
EMP-20260624-58D7E499,15103274,OK
EMP-20260624-037B7A06,18708,INVALID
EMP-20260624-69730388,15105053,OK
EMP-20260624-0EBE5617,15304,INVALID
EMP-20260624-C5857063,13641,INVALID
EMP-20260624-41AE731E,13646,INVALID
EMP-20260624-378D58C6,15105260,OK
EMP-20260624-8F51E4BE,15103572,OK
EMP-20260624-2C276FD8,15104386,OK
EMP-20260624-57BEDC8B,15105241,OK
EMP-20260624-E94FC0CB,15102971,OK
EMP-20260624-678C5BCC,15104062,OK
EMP-20260624-7F0141F4,13647,INVALID
EMP-20260624-93BDCC25,15103952,OK
EMP-20260624-764DE8CD,15103883,OK
EMP-20260719-4AA24CD7,6,INVALID
EMP-20260719-E405B86E,15104848,OK
EMP-20260719-8F3D817B,15105157,OK
EMP-20260719-7F8F8379,15102044,OK
EMP-20260719-6F540C43,15105261,OK
EMP-20260719-5307399D,15102216,OK
EMP-20260719-0C7C077B,15102608,OK
EMP-20260719-66EBFA17,15100788,OK
EMP-20260719-23014050,15102006,OK
EMP-20260719-DF27AF77,15102737,OK
EMP-20260708-46BCB9CB,46261,INVALID
EMP-20260708-8C234898,15104946,OK
EMP-20260730-CAAC72AD,15105228,OK
EMP-20260730-F7582A35,15102157,OK
EMP-20260804-EB39D51F,15105407,OK
EMP-20260708-0528F34D,15105316,OK
EMP-20260708-C06FA9D6,15104302,OK
EMP-20260708-90B60763,15103226,OK
EMP-20260708-D9639E73,15104918,OK
EMP-20260708-C3FC93BE,15103104,OK
EMP-20260708-BED208EF,15105193,OK
EMP-20260624-82F47F45,15104416,OK
EMP-20260624-9E4B6F7E,15105235,OK
EMP-20260624-2549B81C,15105169,OK
EMP-20260624-796357BE,15105271,OK
EMP-20260624-C7C512B0,15100721,OK
EMP-20260624-73D234E3,15105234,OK
EMP-20260624-3F3C33E3,15105213,OK
EMP-20260719-B3B12F1A,15104969,OK
EMP-20260719-3EC651D7,15103855,OK
EMP-20260719-90428033,15103420,OK
EMP-20260719-F802236F,15103874,OK
EMP-20260719-59DEB1CE,15103925,OK
EMP-20260719-B1B285CB,15100743,OK
EMP-20260719-CFEBD5B9,15105434,OK
EMP-20260719-2E978E68,,
EMP-20260719-B06C9AC3,2,INVALID
EMP-20260719-499889D3,15100655,OK
EMP-20260719-1DAD1DC1,15102578,OK
EMP-20260719-6E15956A,15101612,OK
EMP-20260719-A3A6CC90,15102095,OK
EMP-20260719-AACFB10F,15104643,OK
EMP-20260719-1490867A,15104461,OK
EMP-20260719-DAB706B6,15104537,OK
EMP-20260719-61F77629,15104577,OK
EMP-20260719-6EC41B06,15101878,OK
EMP-20260719-0B830720,11494,INVALID
EMP-20260719-EC96B3BE,15103568,OK
EMP-20260719-67237D03,15100660,OK
EMP-20260719-8EA37660,15102977,OK
EMP-20260719-16076DBF,15103474,OK
EMP-20260719-EC0D4B6D,15104906,OK
EMP-20260719-3E9BDE28,15105026,OK
EMP-20260719-FCE21EA6,15105084,OK
EMP-20260719-71E8BFD4,15100665,OK
EMP-20260719-C45A889D,15103316,OK
EMP-20260719-D0336835,15100666,OK
EMP-20260719-83C246DF,15100664,OK
EMP-20260719-26779C38,15104986,OK
EMP-20260719-2237F1C7,15101984,OK
EMP-20260719-A6561F57,11490,INVALID
EMP-20260719-5B8795F2,11493,INVALID
EMP-20260719-B826571E,15104326,OK
EMP-20260624-E791485A,59995,INVALID
EMP-20260624-2E5E1C1E,15101333,OK
EMP-20260624-F88A3BC5,15102517,OK
EMP-20260624-3AA776F0,15101338,OK
EMP-20260624-7C2D0116,15102602,OK
EMP-20260624-2B8BD950,15102808,OK
EMP-20260624-25D1CC87,59991,INVALID
EMP-20260624-13470437,12319,INVALID
EMP-20260624-BEC892F8,15104708,OK
EMP-20260624-FA865B60,15103058,OK
EMP-20260624-D0B97D44,15104525,OK
EMP-20260624-2ACB1ECD,15104924,OK
EMP-20260624-E35641A1,12415,INVALID
EMP-20260624-FEE3146E,15104536,OK
EMP-20260624-4E06F66D,15105010,OK
EMP-20260624-604C0C06,12423,INVALID
EMP-20260624-547055C8,12416,INVALID
EMP-20260624-14FBA762,15102818,OK
EMP-20260624-8AFEC5B6,15105186,OK
EMP-20260624-102E5745,15105098,OK
EMP-20260624-75947D56,15103396,OK
EMP-20260624-1235C26C,15104532,OK
EMP-20260624-90DC4BCE,12426,INVALID
EMP-20260624-BE430357,15101347,OK
EMP-20260624-4231D88F,15103766,OK
EMP-20260624-2E067F2D,15104938,OK
EMP-20260624-FAC3698B,15102680,OK
EMP-20260624-372E6B43,15101345,OK
EMP-20260624-027054C9,15103282,OK
EMP-20260624-988CA62A,15103081,OK
EMP-20260624-F2545CDD,15105158,OK
EMP-20260624-9255A430,16136,INVALID
EMP-20260801-61457407,15105251,OK
EMP-20260624-058E2ED6,15102038,OK
EMP-20260624-6827E99D,15105131,OK
EMP-20260725-240EDC79,15105354,OK
EMP-20260624-D591F9D4,15102751,OK
EMP-20260624-A4C63A3D,15103351,OK
EMP-20260624-CAA4595D,16132,INVALID
EMP-20260624-97823BC7,15104644,OK
EMP-20260624-D4EA3D3F,15102458,OK
EMP-20260624-01EAB5AA,16138,INVALID
EMP-20260624-7DDC13EF,15104841,OK
EMP-20260624-47CAE6CD,15100971,OK
EMP-20260624-23BB75AD,15105046,OK
EMP-20260624-3D8EE3BA,16131,INVALID
EMP-20260624-4D2D5FB0,15100974,OK
EMP-20260624-14CB5057,15105075,OK
EMP-20260624-EDB1A993,15103297,OK
EMP-20260725-179CE821,15105417,OK
EMP-20260624-94231CBC,16123,INVALID
EMP-20260624-BB3F591A,15103099,OK
EMP-20260624-A948360B,15102712,OK
EMP-20260624-878F7841,15100979,OK
EMP-20260624-C84BC67C,13769,INVALID
EMP-20260624-FE7565EC,13767,INVALID
EMP-20260624-0859AE57,15104287,OK
EMP-20260624-75EC52FD,15104843,OK
EMP-20260624-C40BC983,15101152,OK
EMP-20260624-9D945127,1510731,INVALID
EMP-20260624-590FAC2D,15101774,OK
EMP-20260624-E00D4DF7,19205,INVALID
EMP-20260624-7C520F96,15103307,OK
EMP-20260624-FB8B7D45,15105117,OK
EMP-20260624-9800FB9B,15104382,OK
EMP-20260624-6159C637,19210,INVALID
EMP-20260624-B77CC17B,15102801,OK
EMP-20260624-AA6A8CCE,19218,INVALID
EMP-20260624-E84006B9,19216,INVALID
EMP-20260624-D35043CF,15104747,OK
EMP-20260624-F55B10B7,15104384,OK
EMP-20260624-D7AF4F79,15104560,OK
EMP-20260624-A0E6E376,15102003,OK
EMP-20260624-70ADC48D,15103943,OK
EMP-20260719-E611768A,15101562,OK
EMP-20260719-9F6D025C,15102709,OK
EMP-20260719-05CCCC94,15104391,OK
EMP-20260719-42DAC2AF,15100399,OK
EMP-20260719-894D89B0,15104125,OK
EMP-20260719-44466C48,15102035,OK
EMP-20260624-2A16D03C,15101808,OK
EMP-20260719-1FB15C6D,15103836,OK
EMP-20260719-3E943E2A,15104142,OK
EMP-20260719-37A0A02F,15103477,OK
EMP-20260719-18318856,15101815,OK
EMP-20260719-0D9F0A7F,15103019,OK
EMP-20260719-6D8C1BC7,15100393,OK
EMP-20260719-477809F5,15100397,OK
EMP-20260719-4DB95136,15102754,OK
EMP-20260719-8513CA20,15104874,OK
EMP-20260719-8881DE8C,15100395,OK
EMP-20260719-6A10ADD6,15102219,OK
EMP-20260719-FEB3FE1F,15101932,OK
EMP-20260719-37D60E25,15103344,OK
EMP-20260713-1C4AAB5A,15105218,OK
EMP-20260711-C0F4FA02,15104517,OK
EMP-20260722-C5B682B3,15105337,OK
EMP-20260709-9C87D345,15105187,OK
EMP-20260719-364F487D,15100279,OK
EMP-20260710-99D7AC04,15105212,OK
EMP-20260722-D6DB2B13,15105346,OK
EMP-20260709-32642E01,15105221,OK
EMP-20260709-DE2BC752,15105198,OK
EMP-20260710-8CB3AA40,15105211,OK
EMP-20260709-50F63D2F,15101617,OK
EMP-20260710-E782D7E9,15105184,OK
EMP-20260710-6CE6475A,15105209,OK
EMP-20260710-9BEF2F7E,15105200,OK
EMP-20260710-685E19E8,15105265,OK
EMP-20260711-44CDB581,15100233,OK
EMP-20260624-5EFCF318,15101647,OK
EMP-20260624-78793F95,15100723,OK
EMP-20260624-760A6207,15103446,OK
EMP-20260624-1F65EC9A,15103561,OK
EMP-20260624-93C7CCE6,15103575,OK
EMP-20260624-3C12EBD6,15104149,OK
EMP-20260624-A64FF259,15101834,OK
EMP-20260624-05519D93,15102451,OK
EMP-20260624-ADDF7C30,15103193,OK
EMP-20260624-759A7A55,15102310,OK
EMP-20260624-61D3BF17,2840,INVALID
EMP-20260624-A7D54BFB,15100724,OK
EMP-20260624-1B7AECBC,15100728,OK
EMP-20260624-4F9E114D,15100727,OK
EMP-20260624-74047A4F,15103560,OK
EMP-20260709-6242B8AF,15101586,OK
EMP-20260709-2E1CE22F,15100083,OK
EMP-20260709-D35B8A86,15100209,OK
EMP-20260709-F8FBAC94,15100112,OK
EMP-20260709-3808AE50,15100132,OK
EMP-20260718-1FE5EBFD,15105414,OK
EMP-20260709-034F9B07,15102881,OK
EMP-20260729-BB341D2E,15102102,OK
EMP-20260729-4D823270,15102104,OK
EMP-20260709-18DE8271,15100271,OK
EMP-20260709-16CE0D70,15100177,OK
EMP-20260709-083FB353,15100181,OK
EMP-20260711-93A95B92,15101842,OK
EMP-20260709-9213270C,15103606,OK
EMP-20260709-FBC76101,15104274,OK
EMP-20260711-AEE1A4FA,15103969,OK
EMP-20260711-A41FF8CA,15101965,OK
EMP-20260709-5958F198,15102225,OK
EMP-20260728-A14E25F8,15105402,OK
EMP-20260709-D3B48B5F,15100091,OK
EMP-20260709-599521B7,15100096,OK
EMP-20260713-ADBD08EC,15105291,OK
EMP-20260709-E542EE7E,15104961,OK
EMP-20260713-1EE67408,87037,INVALID
EMP-20260711-07872EF7,87039,INVALID
EMP-20260711-66AA3BD5,87040,INVALID
EMP-20260713-DAFDB0DE,88034,INVALID
EMP-20260713-D5D1282D,15104782,OK
EMP-20260713-AD8CEF51,87042,INVALID
EMP-20260711-5B47056B,15102759,OK
EMP-20260720-1CC337F0,15105409,OK
EMP-20260713-B2E0F6BD,15105204,OK
EMP-20260713-6049A8FA,15105208,OK
EMP-20260713-994CE0EE,15105099,OK
EMP-20260624-A9C553D1,15102240,OK
EMP-20260624-2FDDA2A2,15101705,OK
EMP-20260624-A9E32FC2,15100294,OK
EMP-20260624-CB1B3314,15101887,OK
EMP-20260624-E0732977,15104802,OK
EMP-20260624-9CA47956,15103565,OK
EMP-20260624-89395EE8,15104832,OK
EMP-20260624-FA3D6431,15102656,OK
EMP-20260624-2FE2103D,15100297,OK
EMP-20260624-9B583550,15101475,OK
EMP-20260624-3878ACC9,17479,INVALID
EMP-20260624-7E7B9FE0,15100291,OK
EMP-20260624-049DD281,15103750,OK
EMP-20260624-1829C4E1,15102070,OK
EMP-20260624-7BAAD6D9,15103576,OK
EMP-20260624-79E68EDE,15101584,OK
EMP-20260730-CA8D4A57,15104519,OK
EMP-20260624-6FB4EF8B,15103892,OK
EMP-20260710-BB9AE8C3,15105226,OK
EMP-20260710-8A260DAF,15104434,OK
EMP-20260711-01C3C5F7,15102667,OK
EMP-20260711-1EA900E5,2,INVALID
EMP-20260709-DD9F0505,7,INVALID
EMP-20260719-142D71F8,15100731,OK
EMP-20260719-D677F2E9,15103236,OK
EMP-20260719-C3FFFB8B,15104687,OK
EMP-20260719-ED427A21,15103888,OK
EMP-20260719-D6CDE257,15104758,OK
EMP-20260719-2ECA47D5,15103337,OK
EMP-20260719-0EF247E3,15104241,OK
EMP-20260719-00781019,15103769,OK
EMP-20260719-4B57F303,15105120,OK
EMP-20260719-F3C23DD2,15104465,OK
EMP-20260719-4F17B0BE,15104926,OK
EMP-20260719-16CE57AB,15105195,OK
EMP-20260624-4D663382,15104406,OK
EMP-20260728-CE88AA47,15105324,OK
EMP-20260624-8B84EB1E,15104124,OK
EMP-20260624-1317C393,15104276,OK
EMP-20260624-78520ADF,15105196,OK
EMP-20260624-934C48F1,15104277,OK
EMP-20260624-F5717171,15104121,OK
EMP-20260719-F09DD989,15104593,OK
EMP-20260710-527271F8,15101575,OK
EMP-20260710-AD443554,15100403,OK
EMP-20260803-EA772A3A,15103749,OK
EMP-20260711-6C72A3AD,15101641,OK
EMP-20260730-ECEA8AAF,15103617,OK
EMP-20260711-667AF211,15100411,OK
EMP-20260719-AF2C9EC3,15103206,OK
EMP-20260711-841BC051,15100428,OK
EMP-20260710-CA457EC9,15104507,OK
EMP-20260711-71645B23,15102845,OK
EMP-20260710-AD8EA64C,15104318,OK
EMP-20260729-25FD2B7D,15102111,OK
EMP-20260729-009091A7,15102112,OK
EMP-20260729-6B6CE703,15105466,OK
EMP-20260710-840DE363,15103094,OK
EMP-20260711-65386BCC,15104083,OK
EMP-20260730-ED1E969A,15101476,OK
EMP-20260711-AA1E1D33,15104820,OK
EMP-20260711-148D6D96,15104893,OK
EMP-20260730-ABB41A43,15103031,OK
EMP-20260711-FCF9A31B,15102821,OK
EMP-20260710-1EBD79BE,15102089,OK
EMP-20260710-055AF638,15100422,OK
EMP-20260710-89C17F4C,15103324,OK
EMP-20260710-42024778,15100420,OK
EMP-20260729-BF6FC2EA,15103903,OK
EMP-20260711-B8DBB1CD,15102450,OK
EMP-20260730-FAD04981,15102591,OK
EMP-20260710-8C8450B2,15100429,OK
EMP-20260719-3168A523,15101579,OK
EMP-20260719-73C659F8,15101654,OK
EMP-20260719-77647FC9,15101665,OK
EMP-20260719-766A61CA,15100370,OK
EMP-20260719-2165577E,15101517,OK
EMP-20260721-0DBDE3F9,15105411,OK
EMP-20260719-C081A9DA,15101496,OK
EMP-20260719-245ACB1C,15101570,OK
EMP-20260719-B1C0FACF,15105249,OK
EMP-20260719-94927A5E,15101763,OK
EMP-20260719-3CED2CC6,15102678,OK
EMP-20260719-672AC654,15101448,OK
EMP-20260719-9A764E55,15104621,OK
EMP-20260719-57C18E29,15101595,OK
EMP-20260719-98BEC848,15105027,OK
EMP-20260719-A83290FA,15101503,OK
EMP-20260719-F7FFD5B9,15101535,OK
EMP-20260719-D5EBE623,15103266,OK
EMP-20260719-56B553F4,15103828,OK
EMP-20260719-D77DAE10,15101440,OK
EMP-20260719-7D0A654B,15102068,OK
EMP-20260719-3CFB75A4,15102469,OK
EMP-20260719-07754D1A,15101487,OK
EMP-20260719-0F292B0C,15105159,OK
EMP-20260719-B857B05B,15103509,OK
EMP-20260719-2F94DC6E,15105177,OK
EMP-20260719-C9B4F5B9,15105050,OK
EMP-20260719-95468F67,15103522,OK
EMP-20260719-5670E841,15103410,OK
EMP-20260719-4E56A13D,15104119,OK
EMP-20260719-667F7C3E,15104258,OK
EMP-20260719-F41016D7,15104201,OK
EMP-20260719-D2464221,14622,INVALID
EMP-20260719-F02709EB,15103486,OK
EMP-20260719-1EC25F61,15101480,OK
EMP-20260719-39D65FE0,15105005,OK
EMP-20260719-A317132E,15104179,OK
EMP-20260719-DFE6CC5B,15103485,OK
EMP-20260719-13509858,15103482,OK
EMP-20260719-4854DFB7,15104310,OK
EMP-20260719-9A822BA9,15104197,OK
EMP-20260719-601DE83C,15103484,OK
EMP-20260719-4AF05378,15103512,OK
EMP-20260719-FC9B7415,15103714,OK
EMP-20260719-56E2D642,15103483,OK
EMP-20260719-D2AE8F6C,15104495,OK
EMP-20260719-2649B77A,15103487,OK
EMP-20260624-D74988F3,14824,INVALID
EMP-20260718-2D4E1B99,15105405,OK
EMP-20260624-BFC203F5,15100575,OK
EMP-20260624-955F3007,15100567,OK
EMP-20260624-8E1DE75C,15104137,OK
EMP-20260624-C54194D4,15105009,OK
EMP-20260624-5288D33A,15101992,OK
EMP-20260624-C46AD27D,15104852,OK
EMP-20260624-E5678ED8,14865,INVALID
EMP-20260624-3A396A66,15103038,OK
EMP-20260624-DB88D8E4,15101722,OK
EMP-20260624-41F8EA1D,14866,INVALID
EMP-20260624-0B8334C1,14284,INVALID
EMP-20260624-5AB54AFA,12354,INVALID
EMP-20260624-5F3F0A2D,12353,INVALID
EMP-20260624-C17A22ED,15103223,OK
EMP-20260624-669F0A5C,12356,INVALID
EMP-20260624-DF4B6606,12351,INVALID
EMP-20260624-CC1517CD,15104956,OK
EMP-20260624-D2A97ED5,15101288,OK
EMP-20260624-C5DE4C54,12349,INVALID
EMP-20260709-3F53661B,15101698,OK
EMP-20260709-A3A51416,15103684,OK
EMP-20260709-9C423F14,15103005,OK
EMP-20260730-DDC0F3BB,15104581,OK
EMP-20260730-36C4305A,15105314,OK
EMP-20260709-7ACDDDE1,15104910,OK
EMP-20260709-8FBE8679,15103241,OK
EMP-20260709-592D928D,15104546,OK
EMP-20260709-722C9B53,15102581,OK
EMP-20260709-7674FA51,15103142,OK
EMP-20260709-0F6E983F,15101659,OK
EMP-20260709-1B85A9FA,15104360,OK
EMP-20260709-C3D05069,15103849,OK
EMP-20260709-C5A97001,15100749,OK
EMP-20260709-00380FB9,15101897,OK
EMP-20260709-81FA21BD,15104778,OK
EMP-20260709-0115F5E8,15100750,OK
EMP-20260709-BD001E08,8850,INVALID
EMP-20260713-6F3BCB3F,15102748,OK
EMP-20260711-6D3DC2B0,15103972,OK
EMP-20260722-949CAB07,15103625,OK
EMP-20260801-D5DA96B0,15104235,OK
EMP-20260719-744247C6,15101837,OK
EMP-20260711-08AD99F1,15102062,OK
EMP-20260708-E83305A0,15101799,OK
EMP-20260722-12D2629D,15102919,OK
EMP-20260708-99BE09A0,15105070,OK
EMP-20260711-013BD492,15101800,OK
EMP-20260708-FB7B6CE3,15101737,OK
EMP-20260711-E88F0936,15101934,OK
EMP-20260711-872E71BB,15101843,OK
EMP-20260706-EC12174C,15100895,OK
EMP-20260804-100C4C1B,15100900,OK
EMP-20260706-D713545A,41474,INVALID
EMP-20260706-DCA25C70,41493,INVALID
EMP-20260706-D2ACA5E4,15102635,OK
EMP-20260706-E0FB6BB7,15104500,OK
EMP-20260801-CB87A2DB,15102862,OK
EMP-20260801-BFBFE4DA,15105114,OK
EMP-20260801-8BC4AB31,15102122,OK
EMP-20260801-A9F8D1FE,15103160,OK
EMP-20260801-94944815,15102523,OK
EMP-20260706-E5E9C8AE,41480,INVALID
EMP-20260706-E3B28009,41482,INVALID
EMP-20260706-0BDDB042,41476,INVALID
EMP-20260706-9FBCD917,10084,INVALID
EMP-20260704-381CBD72,15105011,OK
EMP-20260706-DFC716F3,15100899,OK
EMP-20260706-3AE079CA,41494,INVALID
EMP-20260701-3A926D99,15105332,OK
EMP-20260704-167A2864,15104245,OK
EMP-20260704-782590A4,41475,INVALID
EMP-20260704-CD06B3E4,41498,INVALID
EMP-20260713-4277FD72,15105383,OK
EMP-20260706-C72AE22E,15103955,OK
EMP-20260706-609B371F,15104214,OK
EMP-20260706-A973F7C5,15100905,OK
EMP-20260706-DB85BA28,15103107,OK
EMP-20260706-A65ED5ED,15103292,OK
EMP-20260706-986AFF39,15100906,OK
EMP-20260704-39FFA24C,15105255,OK
EMP-20260624-1D44FC93,15105014,OK
EMP-20260624-4D0FC807,14003,INVALID
EMP-20260624-2C43B503,15100765,OK
EMP-20260624-4B9F4F39,15104862,OK
EMP-20260624-2885D583,15104824,OK
EMP-20260624-F05FE224,15100910,OK
EMP-20260624-45EF85CD,13999,INVALID
EMP-20260624-B1314FDB,15102832,OK
EMP-20260624-47811084,13996,INVALID
EMP-20260624-2410FF50,15105144,OK
EMP-20260624-BAA7C5A3,15103783,OK
EMP-20260624-84C5C81A,15103032,OK
EMP-20260624-61AD2231,15105215,OK
EMP-20260728-55F0A439,15105412,OK
EMP-20260624-057B5347,15100918,OK
EMP-20260624-7989EB7D,15104970,OK
EMP-20260624-AD020C09,15104325,OK
EMP-20260711-3E1C8C0F,15101572,OK
EMP-20260711-8FAA6A74,15104516,OK
EMP-20260711-29C43A28,15100461,OK
EMP-20260711-572975A4,15100462,OK
EMP-20260711-53136232,15101378,OK
EMP-20260711-1127C642,15100477,OK
EMP-20260711-C1F8E5C1,15103837,OK
EMP-20260711-45EAE86D,15100464,OK
EMP-20260711-A25D7F8D,15101403,OK
EMP-20260715-AF9807C3,15105056,OK
EMP-20260725-67980426,15105465,OK
EMP-20260725-2B0FAE80,15102175,OK
EMP-20260725-9040930C,15104431,OK
EMP-20260711-22EB23E0,15103242,OK
EMP-20260711-053FB40A,15100478,OK
EMP-20260711-5E91416E,15100465,OK
EMP-20260711-2AD5D8C5,15101470,OK
EMP-20260711-2213024B,15102022,OK
EMP-20260711-2C3DEA92,15100468,OK
EMP-20260711-E0D38E97,15101754,OK
EMP-20260711-81068D54,15100473,OK
EMP-20260711-0B69BBE1,15104079,OK
EMP-20260711-FCA43DE8,15100474,OK
EMP-20260711-AF42244F,15101747,OK
EMP-20260711-434F4181,15100476,OK
EMP-20260719-6DF3C6BF,15101521,OK
EMP-20260719-AE1D89F2,15102459,OK
EMP-20260719-FA1FB789,15102562,OK
EMP-20260719-EA0C4DE7,15100226,OK
EMP-20260719-1BA59C9F,15100033,OK
EMP-20260719-356587EC,15100138,OK
EMP-20260719-9FE1F15D,15100219,OK
EMP-20260719-ECD71AFD,15100076,OK
EMP-20260719-975B83F1,15100052,OK
EMP-20260719-4C65E43B,15100139,OK
EMP-20260719-3AD7C141,15100267,OK
EMP-20260719-7138A295,15104943,OK
EMP-20260719-23D0228D,15104993,OK
EMP-20260719-7FE784EF,15100063,OK
EMP-20260719-E9553EB0,15102643,OK
EMP-20260719-3DF2D898,15102525,OK
EMP-20260719-F6DAA42C,15100142,OK
EMP-20260719-BFAC31D0,15100227,OK
EMP-20260719-7ED164A7,15104622,OK
EMP-20260719-D6D567F3,15100211,OK
EMP-20260719-0002C256,15100090,OK
EMP-20260719-75B5563B,15103878,OK
EMP-20260719-FB071BA8,15105153,OK
EMP-20260719-FE42CA25,15101381,OK
EMP-20260719-E93259AD,15100045,OK
EMP-20260719-4DDAD0C5,15104136,OK
EMP-20260719-49E79A6A,15100041,OK
EMP-20260719-D9BBF2E9,15101952,OK
EMP-20260719-BEF8D84C,15101457,OK
EMP-20260719-9E49FA98,15100202,OK
EMP-20260719-41F4C099,15100133,OK
EMP-20260719-805F4026,15100265,OK
EMP-20260719-92CBA1D1,15100017,OK
EMP-20260719-AD05FCD2,15100207,OK
EMP-20260719-CCF77F1D,15100056,OK
EMP-20260719-A59486C0,15105065,OK
EMP-20260719-F8F0AFDC,15100020,OK
EMP-20260719-7D7E4D40,15100059,OK
EMP-20260719-E736F4D2,15100048,OK
EMP-20260719-5490C05A,15103516,OK
EMP-20260719-93E1B0C1,15105105,OK
EMP-20260719-6C753135,15103539,OK
EMP-20260719-BEEC529D,15100263,OK
EMP-20260719-6639EA28,15103257,OK
EMP-20260719-756F66E7,15100099,OK
EMP-20260719-BDE377BA,15100145,OK
EMP-20260719-9CA93C08,15105059,OK
EMP-20260719-427C2CDE,15100071,OK
EMP-20260719-F43763AA,15100126,OK
EMP-20260719-6CC94DDC,15103061,OK
EMP-20260719-B75F4649,15104355,OK
EMP-20260719-DDEF2DB9,15100042,OK
EMP-20260719-C53F2E21,15104419,OK
EMP-20260719-A0C792AB,15100200,OK
EMP-20260719-45C5F342,15100060,OK
EMP-20260719-31FBE35B,15100253,OK
EMP-20260719-4BF53667,15100103,OK
EMP-20260719-5772403B,15102819,OK
EMP-20260719-4DD871FD,15100205,OK
EMP-20260719-147A5E98,15100140,OK
EMP-20260719-3F044BEF,15103466,OK
EMP-20260719-253FBC62,15103879,OK
EMP-20260719-B0444402,15100015,OK
EMP-20260719-EDBDB879,15103941,OK
EMP-20260719-50C51996,15101688,OK
EMP-20260719-270CBF1C,15104512,OK
EMP-20260624-66BEED9D,15104412,OK
EMP-20260624-E8453F7E,15103975,OK
EMP-20260624-5CA63FF4,15103933,OK
EMP-20260624-7B10C64D,15104056,OK
EMP-20260723-2353D965,15105379,OK
EMP-20260723-4519CFDD,15105416,OK
EMP-20260624-D52D6E3A,12572,INVALID
EMP-20260624-737FDCEC,15103272,OK
EMP-20260624-04FD3D7A,15101768,OK
EMP-20260624-FA64F9FE,15100582,OK
EMP-20260719-4AFB795C,15105093,OK
EMP-20260624-8E5C53D6,15101826,OK
EMP-20260624-81824A75,15103946,OK
EMP-20260624-C572DFDA,15102033,OK
EMP-20260624-1A3D2789,15100579,OK
EMP-20260624-6339DDC7,15102928,OK
EMP-20260624-F581F5A0,15102452,OK
EMP-20260624-B2F9135B,15103966,OK
EMP-20260624-4F4BA109,15102080,OK
EMP-20260624-2DE00B06,15104128,OK
EMP-20260721-677C3E28,15105420,OK
EMP-20260624-4A38F8D6,15101987,OK
EMP-20260624-A166E355,67048,INVALID
EMP-20260728-F0E41E05,15105390,OK
EMP-20260624-DC1126D8,15104542,OK
EMP-20260624-5C73458F,15103901,OK
EMP-20260624-9C7EE9B9,15105239,OK
EMP-20260624-79C771C5,67016,INVALID
EMP-20260624-0BFA5A96,15102396,OK
EMP-20260624-B2E05C59,15102455,OK
EMP-20260624-7B8F7DF1,15104891,OK
EMP-20260723-BF704411,15105428,OK
EMP-20260624-C85448C0,15103277,OK
EMP-20260719-43D6D8E5,15101810,OK
EMP-20260719-12B35C2C,15103701,OK
EMP-20260719-F7F727AE,15104765,OK
EMP-20260719-A3F17E7E,15104942,OK
EMP-20260719-86226614,15104928,OK
EMP-20260719-6A814556,15103057,OK
EMP-20260719-6CF32330,15101765,OK
EMP-20260723-59319F73,15105289,OK
EMP-20260719-AA2AB66F,15103830,OK
EMP-20260719-80E72F86,15100278,OK
EMP-20260719-07026653,15100282,OK
EMP-20260719-ECDAB96D,15101756,OK
EMP-20260719-8DD1A8A6,15102758,OK
EMP-20260719-559261F6,15105008,OK
EMP-20260719-BC3E377C,15104801,OK
EMP-20260719-B7D86B62,15100287,OK
EMP-20260719-99D36370,15101523,OK
EMP-20260719-BD44819D,15101924,OK
EMP-20260719-21E1802B,15100277,OK
EMP-20260719-9300BA83,15103129,OK
EMP-20260624-5F1FA10C,15105101,OK
EMP-20260624-E1B6CDF3,15105124,OK
EMP-20260624-83CAF4CF,15102466,OK
EMP-20260624-D1BDFCDD,15102606,OK
EMP-20260624-9A7B39FF,15103757,OK
EMP-20260624-08F3C6B3,15101925,OK
EMP-20260624-6A52F4EA,15102650,OK
EMP-20260624-358A42CF,15100925,OK
EMP-20260624-4ABE505C,15104789,OK
EMP-20260624-18656284,15104901,OK
EMP-20260624-C8B4F455,15105182,OK
EMP-20260624-F0CC5B88,15104873,OK
EMP-20260624-36B3FCC5,15104971,OK
EMP-20260624-A2E20D87,15104951,OK
EMP-20260624-07ADDD0A,15169,INVALID
EMP-20260624-F4D9E5E3,15101290,OK
EMP-20260624-77E29204,15104266,OK
EMP-20260624-808BA89F,12918,INVALID
EMP-20260624-15F14D62,15101300,OK
EMP-20260624-828C8182,15103657,OK
EMP-20260624-5ED23B1B,12915,INVALID
EMP-20260624-969E3B91,15104904,OK
EMP-20260624-18745DC4,15105168,OK
EMP-20260624-6C61D14D,15104472,OK
EMP-20260624-4E83970C,15103169,OK
EMP-20260624-4BFB98E0,15103462,OK
EMP-20260624-2D2E15C3,15102557,OK
EMP-20260624-11B8CE0C,15103541,OK
EMP-20260624-1070A946,15101301,OK
EMP-20260624-E483F7B3,11935,INVALID
EMP-20260624-C9F397B1,12920,INVALID
EMP-20260624-76B82956,13674,INVALID
EMP-20260624-40685700,15103748,OK
EMP-20260624-37B06E72,13673,INVALID
EMP-20260624-C0EA99B0,13670,INVALID
EMP-20260624-A8627E78,15104146,OK
EMP-20260624-30997C33,15101297,OK
EMP-20260624-F900EB1C,15103595,OK
EMP-20260719-EA026CA0,15104415,OK
EMP-20260719-0410A564,15105125,OK
EMP-20260719-7051CB10,15104766,OK
EMP-20260719-908D561D,13017,INVALID
EMP-20260719-5224533F,15103002,OK
EMP-20260719-AFACE867,15104100,OK
EMP-20260719-B493D595,15100793,OK
EMP-20260719-7F645E24,15100789,OK
EMP-20260711-C8D333C1,15104407,OK
EMP-20260711-0BC7457E,15100671,OK
EMP-20260725-82F2C7B5,15100672,OK
EMP-20260711-22F5D291,15100673,OK
EMP-20260711-FF6B0837,15102539,OK
EMP-20260711-A6AD9349,15103117,OK
EMP-20260711-DBF46A38,15103542,OK
EMP-20260730-76F2EB67,15102233,OK
EMP-20260730-AA77A0EF,15102119,OK
EMP-20260711-519B2675,15101423,OK
EMP-20260711-BA6DCAA6,15104129,OK
EMP-20260711-1427A985,15103413,OK
EMP-20260711-07DB5267,15104960,OK
EMP-20260713-682DBE18,15102802,OK
EMP-20260711-F9C6D310,15101912,OK
EMP-20260711-0C734D20,15101667,OK
EMP-20260713-5617FC74,11673,INVALID
EMP-20260713-BE841FA3,11662,INVALID
EMP-20260713-D1A0BE93,15100680,OK
EMP-20260716-C9194634,15105398,OK
EMP-20260711-DCAAC476,15101607,OK
EMP-20260711-F5A52F12,15105197,OK
EMP-20260801-21796A62,15105446,OK
EMP-20260713-2325F016,15452,INVALID
EMP-20260710-41CF5006,15103740,OK
EMP-20260710-027A5671,15103996,OK
EMP-20260710-6493DD66,12769,INVALID
EMP-20260710-439028C4,15104389,OK
EMP-20260710-DA2BC8C8,15104443,OK
EMP-20260710-E73C4DD3,15104535,OK
EMP-20260710-1C8E7B98,13238,INVALID
EMP-20260710-B238DF80,15101172,OK
EMP-20260710-AE44746D,15104689,OK
EMP-20260710-A6DCE568,15103434,OK
EMP-20260710-81972710,15104145,OK
EMP-20260710-23CA5859,15102544,OK
EMP-20260724-9E6681D1,15105430,OK
EMP-20260710-E2C696E3,15105047,OK
EMP-20260710-D6B477C9,15105154,OK
EMP-20260710-5DD47385,15104400,OK
EMP-20260710-0E7D09F3,13239,INVALID
EMP-20260710-08A7245E,15103920,OK
EMP-20260710-7A256B11,12772,INVALID
EMP-20260710-550A4C1A,15104248,OK
EMP-20260710-68CA8A86,15105342,OK
EMP-20260722-DB6D8A15,14101,INVALID
EMP-20260710-56CB4B0E,15100688,OK
EMP-20260710-6DB26B4E,15100689,OK
EMP-20260710-4BDAAE0F,11578,INVALID
EMP-20260710-EDA72628,15103984,OK
EMP-20260710-E55FB08D,15100691,OK
EMP-20260710-3324C2D9,15104842,OK
EMP-20260710-7722C9E9,15104573,OK
EMP-20260710-2A1597F0,15104501,OK
EMP-20260729-C25E59C5,15102113,OK
EMP-20260729-6C2066AF,15102361,OK
EMP-20260710-2BD08FE3,11602,INVALID
EMP-20260710-9E595045,15103022,OK
EMP-20260710-84C43E52,15105264,OK
EMP-20260710-42679C7D,15104376,OK
EMP-20260710-CF2CF8AA,15104980,OK
EMP-20260710-A7DBD698,15100694,OK
EMP-20260710-F856C46C,11600,INVALID
EMP-20260710-C912EB9E,15104740,OK
EMP-20260710-EC72FCDF,15102066,OK
EMP-20260710-78B1A43D,15102094,OK
EMP-20260710-0872B9C1,15104967,OK
EMP-20260710-B74FC65C,15104397,OK
EMP-20260710-F2392822,15100698,OK
EMP-20260710-E8D68767,15103237,OK
EMP-20260710-E57F8787,15105382,OK
EMP-20260710-CC2BF991,13636,INVALID
EMP-20260710-47FD57B8,13633,INVALID
EMP-20260710-844D22DF,15103157,OK
EMP-20260710-2D5C9CCE,15104301,OK
EMP-20260710-FDEC3D43,15103937,OK
EMP-20260710-8AA6B5E9,15101177,OK
EMP-20260709-9965626C,15103642,OK
EMP-20260710-61481C61,15104833,OK
EMP-20260710-F3A29A22,15104677,OK
EMP-20260710-037B6B4B,15102699,OK
EMP-20260710-2982FCB6,15104134,OK
EMP-20260710-CEB07F40,15104834,OK
EMP-20260624-7445998B,15105135,OK
EMP-20260710-0A8D0A8F,15101195,OK
EMP-20260710-1DE9C4FE,15104261,OK
EMP-20260710-4CE991C9,13632,INVALID
EMP-20260710-9EB43CD3,13630,INVALID
EMP-20260709-6260C7D9,15101184,OK
EMP-20260710-80790595,15103149,OK
EMP-20260709-432EFA55,15102794,OK
EMP-20260624-AB46543B,15365,INVALID
EMP-20260624-865D4AC1,15103441,OK
EMP-20260624-39253F0F,13099,INVALID
EMP-20260624-A02DDC1C,15103360,OK
EMP-20260624-AB06E9B4,15103622,OK
EMP-20260624-02953D61,15105048,OK
EMP-20260624-2615AE77,15102653,OK
EMP-20260624-721404AE,13101,INVALID
EMP-20260624-8D6EA1DA,15102783,OK
EMP-20260624-C05E2B85,15105206,OK
EMP-20260624-2B3FC241,15103461,OK
EMP-20260624-7935BED0,15104640,OK
EMP-20260624-A45BBC07,13106,INVALID
EMP-20260624-61EB328E,15104667,OK
EMP-20260624-60DAA10D,15104217,OK
EMP-20260624-79797D3E,15101194,OK
EMP-20260624-BD166263,15103856,OK
EMP-20260624-7D6201CA,15104115,OK
EMP-20260624-38097955,15104106,OK
EMP-20260710-F8649434,15102915,OK
EMP-20260708-80D2268C,15102915,OK
EMP-20260708-08C501F1,15104821,OK
EMP-20260710-FEF15800,15101707,OK
EMP-20260708-5D5999A0,15104632,OK
EMP-20260729-D2D6404E,15102267,OK
EMP-20260729-A538147F,15105043,OK
EMP-20260727-73D3D72F,15105434,OK
EMP-20260710-CB703FE1,15101956,OK
EMP-20260710-BC727FBD,15103532,OK
EMP-20260710-CBF70EFA,15103186,OK
EMP-20260710-8E2D953D,15103786,OK
EMP-20260710-8684597E,15104720,OK
EMP-20260710-D3D4F21D,15104074,OK
EMP-20260710-3DE76BC0,15102441,OK
EMP-20260719-B13AF408,15104761,OK
EMP-20260719-7CDA1DE1,15105253,OK
EMP-20260719-E1E43829,15102658,OK
EMP-20260719-AC2A8148,15104828,OK
EMP-20260719-6F902917,15104313,OK
EMP-20260719-124E77B1,15104743,OK
EMP-20260719-736DC703,15103698,OK
EMP-20260624-F6131980,54257,INVALID
EMP-20260624-41609FF4,65048,INVALID
EMP-20260624-93246F23,15101302,OK
EMP-20260624-7F7B6253,15103660,OK
EMP-20260624-5F3A03FC,65047,INVALID
EMP-20260624-C6E43463,15105045,OK
EMP-20260624-A7925A32,15102945,OK
EMP-20260624-9814A9B4,15103703,OK
EMP-20260624-78D4F418,15104561,OK
EMP-20260624-583E94CF,65050,INVALID
EMP-20260624-E4F9B0C9,15101305,OK
EMP-20260624-10F61609,15104251,OK
EMP-20260624-D635AA80,65052,INVALID
EMP-20260624-F502A417,15104078,OK
EMP-20260624-1DA72D90,15104019,OK
EMP-20260624-03DFFE56,15104349,OK
EMP-20260624-B968E61F,15100987,OK
EMP-20260624-C71BBF59,15621,INVALID
EMP-20260624-2C8353B0,15102772,OK
EMP-20260624-2C5F541B,15104861,OK
EMP-20260624-5BC0401A,15103848,OK
EMP-20260624-6CFDFA62,15624,INVALID
EMP-20260624-D7BCD083,15104955,OK
EMP-20260624-3A0B3186,15104682,OK
EMP-20260624-1FF057C4,15103843,OK
EMP-20260624-4BDBC04B,15105103,OK
EMP-20260624-80FA5D38,15105088,OK
EMP-20260701-3AF07275,15105334,OK
EMP-20260624-2307A618,15643,INVALID
EMP-20260624-C15C4031,15103778,OK
EMP-20260624-BC246AAA,15637,INVALID
EMP-20260624-C27D0EEB,15100998,OK
EMP-20260719-51322A64,15104486,OK
EMP-20260719-CABB4568,15105246,OK
EMP-20260719-E3008E4D,15103847,OK
EMP-20260719-5ED72324,15104395,OK
EMP-20260624-C201886F,15102738,OK
EMP-20260711-AF1F2AD4,15104286,OK
EMP-20260711-80D43D3B,15104337,OK
EMP-20260711-0F1F2EEB,15105179,OK
EMP-20260725-49C9539C,15102333,OK
EMP-20260711-6F8F6C24,15104338,OK
EMP-20260711-6AF976AC,15104365,OK
EMP-20260711-52BA85D6,15104339,OK
EMP-20260711-18C3389D,15104941,OK
EMP-20260711-B958F337,15103463,OK
EMP-20260711-8B3E5A22,15102609,OK
EMP-20260711-DC074C27,15104335,OK
EMP-20260711-FB35AA12,15104336,OK
EMP-20260624-11CBC2D3,15104816,OK
EMP-20260624-E2DA1457,15104817,OK
EMP-20260624-450487FC,15104819,OK
EMP-20260624-0DAD5E80,15104814,OK
EMP-20260624-D38D1E8D,15104596,OK
EMP-20260624-EBF1FD65,15102891,OK
EMP-20260624-055BDA47,15104484,OK
EMP-20260624-209D04DA,15103791,OK
EMP-20260624-91DD2588,15104702,OK
EMP-20260624-9257D148,15104818,OK
EMP-20260624-6E7E6040,15104815,OK
EMP-20260624-62CA08D4,15104838,OK
EMP-20260624-CA58D0E0,15103666,OK
EMP-20260624-969D21D6,15104855,OK
EMP-20260624-22D78729,15104417,OK
EMP-20260707-1BF3608D,15105356,OK
EMP-20260624-E7AEC7E8,15105055,OK
EMP-20260708-D97FF723,15105371,OK
EMP-20260624-B812823D,15103010,OK
EMP-20260624-FA25BE90,15103092,OK
EMP-20260624-F776E9C1,15101863,OK
EMP-20260624-19080D47,14885,INVALID
EMP-20260624-14C728B8,12505,INVALID
EMP-20260624-FA17B344,12518,INVALID
EMP-20260624-8BDCC7E3,15102984,OK
EMP-20260624-09665336,12509,INVALID
EMP-20260624-0D7BF198,12512,INVALID
EMP-20260624-E083F135,12508,INVALID
EMP-20260624-72CC17D2,15104010,OK
EMP-20260624-247D37A1,15103072,OK
EMP-20260624-68D11E29,12522,INVALID
EMP-20260624-C7F748F1,12521,INVALID
EMP-20260624-C93BE9D0,15105001,OK
EMP-20260624-3100DEAF,12519,INVALID
EMP-20260624-693A0018,15101317,OK
EMP-20260624-F66EF3E5,15100134,OK
EMP-20260624-F3FC4042,15101536,OK
EMP-20260624-E913BF85,15100122,OK
EMP-20260624-1C656999,15103153,OK
EMP-20260706-F6325742,15105355,OK
EMP-20260624-5055BE4B,15101876,OK
EMP-20260624-E8CC74BF,15101589,OK
EMP-20260624-0739341E,15100201,OK
EMP-20260624-A88D8AA4,15104959,OK
EMP-20260624-EA0B6638,15102735,OK
EMP-20260624-FEE5E0F2,15104985,OK
EMP-20260723-8DA3E9C5,15105298,OK
EMP-20260624-D38FE613,15104155,OK
EMP-20260624-A49DD238,15101485,OK
EMP-20260624-0E6D4163,15102151,OK
EMP-20260624-6DB80CB5,13539,INVALID
EMP-20260624-67C0506E,15101677,OK
EMP-20260624-5E8B67AE,15105093,OK
EMP-20260624-69AC9CE3,15104065,OK
EMP-20260624-47E6A442,15101721,OK
EMP-20260624-9DBC2721,15101590,OK
EMP-20260624-145FD727,15101670,OK
EMP-20260624-C28AC7DA,15103238,OK
EMP-20260624-678B0B30,15101711,OK
EMP-20260624-71A2F8E3,15101693,OK
EMP-20260624-FA3D49B6,15102972,OK
EMP-20260624-3AAE0DA2,15100335,OK
EMP-20260624-4341FE22,15101671,OK
EMP-20260624-B72B5B8F,15105205,OK
EMP-20260624-2E96088F,15103691,OK
EMP-20260624-9B05B95A,15103124,OK
EMP-20260624-2F8E040B,15104797,OK
EMP-20260624-0AF6CAE9,15103141,OK
EMP-20260711-D0330D59,15104167,OK
EMP-20260722-A2190C32,13,INVALID
EMP-20260722-58B9F223,15104440,OK
EMP-20260722-8E9F0CD8,5,INVALID
EMP-20260722-73A32B4F,15101364,OK
EMP-20260711-BF6182C3,15104567,OK
EMP-20260711-744EBE26,15105321,OK
EMP-20260722-BD8638D9,15102490,OK
EMP-20260722-08328E67,15102763,OK
EMP-20260711-23CA0D7B,15104523,OK
EMP-20260722-76B2337D,10,INVALID
EMP-20260711-3CE7B83D,15104773,OK
EMP-20260722-06AC2B60,7,INVALID
EMP-20260711-2532DDFA,15105378,OK
EMP-20260723-9F62CB94,15105410,OK
EMP-20260722-B3ACEB5C,15101357,OK
EMP-20260711-041A8B0C,15105224,OK
EMP-20260722-1D2196C8,16,INVALID
EMP-20260722-B4E965DB,12,INVALID
EMP-20260722-01780A39,9,INVALID
EMP-20260722-E41F5C5E,15101362,OK
EMP-20260722-AA8E8FB1,11,INVALID
